Timestamp,Q1,Q2,Q3,Q4,N_CH,R_CH,S_CH,L_CH,C_CH,V_p,N_p,B_z,Dst
2000-07-05 00:26:00,0.0183,0.0095,0.0145,0.0072,0.0,3.5432,14.6075,0.1802,9.1944,480.0,6.4,0.9562,13.0
2000-07-05 00:50:00,0.0114,0.0114,0.0034,0.005,0.0,3.562,14.6142,0.7626,8.8802,479.0,6.4,1.0633,13.0
2000-07-05 01:27:00,0.0099,0.0118,0.0053,0.0023,0.0,3.6326,14.159,1.2642,8.463,474.0,6.3,-0.6575,12.5
2000-07-05 01:50:00,0.0111,0.0114,0.0095,0.0057,0.0,4.0953,14.422,1.1921,8.6217,478.0,6.4,2.1475,12.0
2000-07-05 02:06:00,0.0237,0.0099,0.0114,0.0057,0.0,4.0924,14.4558,1.2873,8.5623,478.0,6.4,1.9376,12.0
2000-07-05 02:26:00,0.0084,0.008,0.0095,0.0118,0.0,4.6027,14.4119,1.5655,8.1432,486.0,6.53,2.2107,13.0
2000-07-05 02:50:00,0.0099,0.0107,0.0076,0.0053,0.0,4.5508,14.6142,1.6203,8.4915,478.0,6.53,1.3894,14.0
2000-07-05 03:06:00,0.0072,0.0107,0.0103,0.0019,0.0,3.9584,15.002,1.5741,8.2222,478.0,5.28,1.3894,14.0
2000-07-05 03:26:00,0.0156,0.016,0.0217,0.0111,0.0,4.3663,14.6513,1.4977,7.2803,473.0,5.28,1.8141,14.0
2000-07-05 03:50:00,0.0069,0.0069,0.0172,0.0084,0.0,4.2222,14.8739,1.5136,7.6223,476.0,5.61,1.9902,14.0
2000-07-05 04:06:00,0.0164,0.0156,0.0179,0.0183,0.0,4.042,15.0172,1.8826,7.2272,466.0,5.61,2.0106,14.0
2000-07-05 04:26:00,0.0084,0.0107,0.0065,0.005,0.0,4.4197,14.8031,1.6808,7.781,462.0,6.27,2.5546,12.5
2000-07-05 04:50:00,0.0065,0.0065,0.0103,0.0034,0.0,4.5854,14.975,1.7442,7.5907,472.0,6.27,1.8976,11.0
2000-07-05 05:06:00,0.0256,0.0107,0.016,0.0145,0.0,5.384,14.7508,1.6275,7.2727,472.0,6.52,1.8976,11.0
2000-07-05 05:26:00,0.0111,0.005,0.008,0.0111,0.0219,5.5743,14.8907,1.8812,7.6482,483.0,6.52,-0.4635,11.0
2000-07-05 05:50:00,0.0103,0.0065,0.0084,0.0198,0.0219,5.7415,15.5753,1.7385,7.9902,474.0,6.75,1.3269,11.0
2000-07-05 06:06:00,0.0092,0.005,0.0183,0.0042,0.0219,6.1206,15.2212,1.7615,7.5325,470.0,6.75,-1.4803,11.0
2000-07-05 06:26:00,0.0092,0.0114,0.0187,0.0187,0.0219,5.9736,14.6648,1.8307,7.2999,470.0,6.72,-1.4803,11.5
2000-07-05 06:50:00,0.0099,0.0065,0.0107,0.0225,0.0219,5.6666,14.9902,1.9965,7.4181,477.0,6.72,-1.6528,12.0
2000-07-05 07:27:00,0.0099,0.0145,0.0134,0.005,0.0,4.3663,12.3398,1.084,6.3201,459.0,7.57,-1.7678,8.5
2000-07-05 07:50:00,0.0198,0.0118,0.0061,0.0053,0.0,4.3663,12.3398,1.084,6.3201,471.0,8.59,-0.9164,5.0
2000-07-05 08:06:00,0.0057,0.0069,0.0057,0.005,0.0,4.3663,12.3398,1.084,6.3201,471.0,8.59,-0.9164,5.0
2000-07-05 08:26:00,0.0061,0.0065,0.0057,0.0076,0.0,4.3663,12.3398,1.084,6.3201,471.0,8.84,-0.5018,3.0
2000-07-05 08:50:00,0.013,0.008,0.0061,0.0107,0.0,4.3663,12.3398,1.084,6.3201,456.0,8.84,-3.0466,1.0
2000-07-05 09:06:00,0.0069,0.005,0.0233,0.0023,0.0,4.3663,12.3398,1.084,6.3201,464.0,8.9,-3.9082,1.0
2000-07-05 09:26:00,0.0072,0.0057,0.0069,0.0019,0.0,4.3663,12.3398,1.084,6.3201,464.0,8.9,-4.036,-3.0
2000-07-05 09:50:00,0.0134,0.0076,0.0137,0.0034,0.0,4.3663,12.3398,1.084,6.3201,444.0,8.89,-3.1197,-7.0
2000-07-05 10:26:00,0.0095,0.0084,0.0072,0.013,0.0,3.2967,12.6635,1.2555,5.0615,448.0,9.82,-1.6686,-5.0
2000-07-05 10:50:00,0.0072,0.0118,0.0233,0.0038,0.0,3.2967,12.6635,1.2555,5.0615,447.0,9.82,0.7215,-3.0
2000-07-05 11:06:00,0.0042,0.0061,0.0107,0.0019,0.0,3.2967,12.6635,1.2555,5.0615,446.0,10.84,-2.4815,-3.0
2000-07-05 11:26:00,0.0057,0.0099,0.0065,0.0061,0.0,3.2967,12.6635,1.2555,5.0615,446.0,10.84,-2.4815,-2.5
2000-07-05 11:50:00,0.0065,0.0092,0.0172,0.0011,0.0,3.2967,12.6635,1.2555,5.0615,453.0,10.78,-3.1827,-2.0
2000-07-05 12:06:00,0.0088,0.0076,0.0023,0.0084,0.0,3.2967,12.6635,1.2555,5.0615,454.0,10.78,-4.9598,-2.0
2000-07-05 12:26:00,0.0069,0.0107,0.0061,0.0019,0.0,3.2967,12.6635,1.2555,5.0615,457.0,10.55,-6.1667,-2.5
2000-07-05 12:50:00,0.0149,0.0053,0.0088,0.0069,0.0,3.2967,12.6635,1.2555,5.0615,458.0,10.55,-5.4761,-3.0
2000-07-05 13:27:00,0.0595,0.0069,0.0195,0.0019,0.0,5.9851,16.8516,2.3569,5.9098,452.0,8.4,-5.2701,-5.5
2000-07-05 13:50:00,0.008,0.0069,0.0145,0.0057,0.0,5.8929,16.5346,2.3107,5.6911,438.0,8.2,-4.3809,-8.0
2000-07-05 14:06:00,0.0095,0.013,0.0053,0.0103,0.0,6.0111,16.9038,2.2848,5.8985,452.0,8.2,-2.857,-8.0
2000-07-05 14:26:00,0.0156,0.0088,0.0122,0.0031,0.0,5.9188,16.9915,2.3583,5.3972,449.0,9.2,-0.2715,-10.5
2000-07-05 14:50:00,0.0061,0.0057,0.0267,0.0309,0.0,5.6204,16.7824,2.2632,5.2195,441.0,9.2,2.1532,-13.0
2000-07-05 15:09:00,0.0114,0.0107,0.0084,0.0023,0.0,6.0529,17.0252,2.2848,5.6134,441.0,9.5,2.1532,-13.0
2000-07-05 15:30:00,0.0156,0.0107,0.029,0.0107,0.0152,6.0183,17.5192,2.3324,5.0602,436.0,9.5,-0.4603,-10.5
2000-07-05 15:50:00,0.005,0.0088,0.0046,0.0027,0.0152,6.2028,17.8109,2.3251,5.0071,457.0,7.57,-2.7159,-8.0
2000-07-05 16:09:00,0.0267,0.008,0.0309,0.0042,0.2714,5.743,17.9711,2.1608,4.717,451.0,7.57,-0.6715,-8.0
2000-07-05 16:26:00,0.0164,0.0156,0.0042,0.0042,0.5227,5.5512,18.8225,2.2069,4.8289,451.0,7.96,-0.6715,-6.5
2000-07-05 16:50:00,0.0069,0.0065,0.0088,0.0038,0.1467,5.3163,18.6606,2.279,4.8257,454.0,7.96,0.6906,-5.0
2000-07-05 17:06:00,0.0099,0.0038,0.0076,0.0191,0.1433,5.41,18.6977,2.2603,4.6019,440.0,7.71,0.8438,-5.0
2000-07-05 17:26:00,0.0099,0.0072,0.0092,0.0061,0.0,5.926,19.33,2.0729,4.6803,434.0,7.71,-1.8175,-5.0
2000-07-05 17:50:00,0.0179,0.0061,0.0137,0.0011,0.0,6.1956,19.1327,2.1378,4.6607,446.0,7.25,0.0584,-5.0
2000-07-05 18:06:00,0.0111,0.0072,0.0061,0.0023,0.0,5.9621,19.0569,2.0426,4.5097,446.0,7.25,0.0584,-5.0
2000-07-05 18:26:00,0.0095,0.0031,0.0057,0.0046,0.0,5.642,19.8105,2.2314,4.356,448.0,6.81,1.508,-6.0
2000-07-05 18:50:00,0.0137,0.0061,0.0069,0.0023,0.0438,5.8049,20.8204,2.2502,4.0874,443.0,6.81,1.7788,-7.0
2000-07-05 19:27:00,0.0099,0.013,0.0076,0.0072,0.0,5.371,20.3332,2.2329,3.9325,459.0,6.06,4.2486,-7.0
2000-07-05 19:50:00,0.0156,0.005,0.0301,0.0107,0.0,4.9876,20.3736,2.2733,3.8232,454.0,6.86,2.9445,-7.0
2000-07-05 20:06:00,0.0107,0.0023,0.0183,0.0031,0.0,4.6099,20.6484,2.2747,3.4148,454.0,6.86,2.9445,-7.0
2000-07-05 20:26:00,0.0183,0.0031,0.0195,0.0023,0.0,4.5638,20.4073,2.1363,3.4875,459.0,6.81,2.9828,-7.0
2000-07-05 20:50:00,0.0118,0.0076,0.0145,0.005,0.0,4.4038,20.4191,2.2012,2.9047,460.0,6.81,0.7504,-7.0
2000-07-05 21:26:00,0.0172,0.0065,0.0061,0.0069,0.0,4.7267,20.49,2.2588,2.4754,458.0,5.84,2.0441,-6.0
2000-07-05 21:50:00,0.0107,0.0088,0.0328,0.0061,0.0,4.215,20.6602,2.3179,3.1771,463.0,5.43,1.7798,-5.0
2000-07-05 22:06:00,0.0122,0.0103,0.0072,0.0023,0.0,3.7594,19.6672,2.3309,2.9306,464.0,5.43,1.259,-5.0
2000-07-05 22:26:00,0.0114,0.0088,0.0057,0.0011,0.3254,3.5937,19.829,2.3352,2.9445,475.0,5.3,2.3956,-4.0
2000-07-05 23:26:00,0.0286,0.0187,0.0114,0.0031,0.0219,4.0449,20.2489,2.8239,2.7188,475.0,5.32,1.7482,-3.0
2000-07-05 23:50:00,0.008,0.0095,0.0118,0.0034,0.0,4.1991,20.694,2.8686,2.1347,472.0,6.25,2.2909,-3.0
2000-07-06 00:06:00,0.0088,0.0072,0.0156,0.0015,0.0,4.4773,20.6231,2.919,1.9413,471.0,6.25,2.0218,-3.0
2000-07-06 00:26:00,0.008,0.0084,0.0072,0.0015,0.0,5.0611,19.7801,3.0459,2.2845,467.0,5.39,1.8425,-2.5
2000-07-06 00:50:00,0.0103,0.0122,0.0137,0.0061,0.0,4.8117,19.1833,3.3645,2.5475,470.0,5.39,0.8851,-2.0
2000-07-06 01:27:00,0.0076,0.1514,0.0065,0.0015,0.0,4.5955,19.1799,3.3486,2.4185,462.0,4.87,1.664,0.0
2000-07-06 01:50:00,0.0072,0.0298,0.0031,0.0034,0.0,4.1198,18.9506,3.4207,2.0879,470.0,5.22,1.146,2.0
2000-07-06 02:06:00,0.005,0.0126,0.0217,0.0061,0.0,3.967,19.4311,3.3731,2.1948,474.0,5.22,0.3728,2.0
2000-07-06 02:26:00,0.0263,0.0172,0.0031,0.0023,0.0,3.9685,19.0838,3.2218,1.8907,474.0,5.25,0.3728,4.0
2000-07-06 02:50:00,0.0126,0.0122,0.0046,0.0015,0.0,4.1818,18.5797,3.3616,1.7264,477.0,5.25,0.2537,6.0
2000-07-06 03:06:00,0.0206,0.0084,0.0111,0.0034,0.0,4.5451,19.04,3.4596,1.868,468.0,6.35,1.3889,6.0
2000-07-06 03:26:00,0.0076,0.0076,0.0095,0.0034,0.0,4.8161,18.954,3.3832,1.6853,451.0,6.35,0.4688,7.5
2000-07-06 03:50:00,0.0042,0.0122,0.0122,0.0031,0.0,4.6589,19.0012,3.4063,1.9185,446.0,6.29,-0.4869,9.0
2000-07-06 04:06:00,0.0114,0.0282,0.0053,0.008,0.0,4.4225,18.9237,3.4048,2.0823,446.0,6.29,-0.4869,9.0
2000-07-06 04:26:00,0.0145,0.0111,0.0069,0.0015,0.0,4.744,19.62,3.5461,2.0924,456.0,6.54,-0.3604,9.0
2000-07-06 04:50:00,0.0095,0.0084,0.0092,0.0027,0.0,4.3908,19.6335,3.2621,1.8768,451.0,6.54,-2.1972,9.0
2000-07-06 05:06:00,0.0179,0.0065,0.0233,0.0008,0.0,4.3447,19.7768,3.2621,1.8692,460.0,6.06,0.9906,9.0
2000-07-06 05:26:00,0.0099,0.008,0.0141,0.005,0.0,4.5206,19.2912,3.2924,1.0797,456.0,6.06,0.5244,7.0
2000-07-06 05:50:00,0.0114,0.0095,0.0072,0.0038,0.0,4.2481,19.0906,3.3299,1.3161,445.0,5.84,-1.2768,5.0
2000-07-06 06:06:00,0.0156,0.0103,0.0145,0.0076,0.0,3.9295,18.9119,3.265,1.282,445.0,5.84,-1.2768,5.0
2000-07-06 06:26:00,0.0061,0.0103,0.0061,0.0011,0.0,3.598,19.593,3.1295,1.1378,443.0,6.97,0.29,5.0
2000-07-06 06:50:00,0.0107,0.0099,0.0153,0.0042,0.0152,3.3155,19.8577,3.2463,1.2042,452.0,6.97,1.4995,5.0
2000-07-06 07:27:00,0.0069,0.0134,0.0114,0.0015,0.0,1.6505,17.1432,1.7673,0.6802,469.0,6.64,-0.4644,4.5
2000-07-06 07:50:00,0.0095,0.0137,0.0118,0.0092,0.0,1.6505,17.1432,1.7673,0.6802,461.0,6.93,-0.1574,4.0
2000-07-06 08:06:00,0.0092,0.0069,0.0107,0.0046,0.0,1.6505,17.1432,1.7673,0.6802,463.0,6.93,-0.0998,4.0
2000-07-06 08:26:00,0.0034,0.0095,0.0187,0.0015,0.0,1.6505,17.1432,1.7673,0.6802,429.0,7.43,-1.3654,5.5
2000-07-06 08:50:00,0.0092,0.013,0.0145,0.0053,0.0,1.6505,17.1432,1.7673,0.6802,444.0,7.43,-0.0586,7.0
2000-07-06 09:06:00,0.0057,0.0076,0.0183,0.0114,0.0,1.6505,17.1432,1.7673,0.6802,444.0,7.06,-0.0586,7.0
2000-07-06 09:26:00,0.0134,0.0099,0.0153,0.0141,0.0,1.6505,17.1432,1.7673,0.6802,443.0,7.06,-1.0834,6.0
2000-07-06 09:50:00,0.0217,0.0202,0.0076,0.0008,0.0,1.6505,17.1432,1.7673,0.6802,435.0,6.68,-0.6122,5.0
2000-07-06 10:26:00,0.0118,0.0111,0.0458,0.0126,0.0,0.6299,16.8482,1.048,0.952,455.0,6.56,-0.4179,4.5
2000-07-06 10:50:00,0.0084,0.0103,0.0072,0.0011,0.0,0.6299,16.8482,1.048,0.952,466.0,6.56,-1.5067,4.0
2000-07-06 11:06:00,0.0061,0.0114,0.0088,0.0019,0.0,0.6299,16.8482,1.048,0.952,466.0,7.47,-1.5067,4.0
2000-07-06 11:26:00,0.0168,0.0076,0.029,0.0057,0.0,0.6299,16.8482,1.048,0.952,429.0,7.47,-1.5156,3.0
2000-07-06 11:50:00,0.0137,0.0134,0.0084,0.0038,0.0,0.6299,16.8482,1.048,0.952,434.0,7.86,-2.3102,2.0
2000-07-06 12:06:00,0.0042,0.0103,0.0092,0.0095,0.0,0.6299,16.8482,1.048,0.952,429.0,7.86,-0.7957,2.0
2000-07-06 12:26:00,0.0088,0.0095,0.0065,0.0042,0.0,0.6299,16.8482,1.048,0.952,429.0,6.88,-0.7957,1.0
2000-07-06 12:50:00,0.005,0.0095,0.0168,0.0038,0.0,0.6299,16.8482,1.048,0.952,438.0,6.88,-1.7012,0.0
2000-07-06 13:27:00,1.2936,0.0134,5.5443,0.0,0.0,2.2156,22.7542,2.3064,1.3085,429.0,7.04,0.234,0.0
2000-07-06 13:50:00,0.5737,0.0103,3.6945,0.0019,0.0,1.6217,22.643,1.8956,1.2396,431.0,6.16,1.1592,0.0
2000-07-06 14:06:00,0.0538,0.0141,0.9815,0.0038,0.0,1.1979,21.9736,2.0239,1.2352,431.0,6.16,1.1592,0.0
2000-07-06 14:26:00,0.1045,0.0114,0.1205,0.0008,0.0,1.0047,22.6565,2.1219,1.2567,417.0,6.88,-1.1232,0.0
2000-07-06 14:50:00,0.7027,0.0084,0.0111,0.0019,0.0,1.11,22.9313,2.7028,1.3477,424.0,6.88,-0.2191,0.0
2000-07-06 15:06:00,0.3963,0.0202,0.0099,0.0088,0.0,1.2224,23.2213,2.5125,1.3781,420.0,7.68,0.1756,0.0
2000-07-06 15:26:00,0.5268,0.0122,0.0061,0.0023,0.0,0.8577,23.3089,2.6581,1.4596,442.0,7.68,-0.434,0.0
2000-07-06 15:50:00,0.0832,0.0076,0.0214,0.0069,0.0,1.0062,23.6782,2.9436,1.5083,411.0,8.09,0.982,0.0
2000-07-06 16:06:00,0.0046,0.0038,0.0195,0.0103,0.0,1.1921,24.0272,3.2895,1.531,411.0,8.09,0.982,0.0
2000-07-06 16:26:00,0.0122,0.0069,0.0164,0.0038,0.0,0.95,24.5532,4.0492,1.6056,444.0,8.62,-1.3136,1.0
2000-07-06 16:50:00,0.0103,0.0042,0.0103,0.0118,0.0,0.8346,23.8417,3.8906,1.5905,428.0,8.62,1.6661,2.0
2000-07-06 17:06:00,0.0072,0.008,0.016,0.0011,0.0,0.8346,23.8417,3.8906,1.5905,411.0,6.42,-1.1004,2.0
2000-07-06 17:26:00,0.0126,0.0111,0.0156,0.0031,0.0,0.7626,24.0946,3.5129,1.6701,411.0,6.42,-1.1004,3.0
2000-07-06 17:50:00,0.0111,0.0072,0.0229,0.0008,0.0,0.7208,23.5568,3.3169,1.6347,408.0,7.52,-1.8542,4.0
2000-07-06 18:06:00,0.0191,0.0042,0.0107,0.013,0.0,0.6977,24.3897,3.7119,1.6739,414.0,7.52,1.0485,4.0
2000-07-06 18:26:00,0.0183,0.0084,0.016,0.0141,0.0,0.6285,24.2464,3.6369,1.7257,424.0,7.29,0.2324,4.0
2000-07-06 18:50:00,0.0103,0.0072,0.0134,0.0061,0.0,0.6083,25.3136,3.5432,1.794,425.0,7.29,0.9245,4.0
2000-07-06 19:27:00,0.1564,0.0156,0.0568,0.0034,0.0,0.6011,25.2512,3.5533,1.775,418.0,6.26,0.7545,5.0
2000-07-06 19:50:00,0.0134,0.005,0.0076,0.0019,0.0219,0.6011,25.6845,3.6917,1.8736,412.0,7.07,-0.365,6.0
2000-07-06 20:50:00,0.013,0.0111,0.008,0.0134,0.2344,0.5593,26.0942,4.0232,2.0102,429.0,6.97,1.9039,11.0
2000-07-06 21:06:00,0.0057,0.0122,0.0092,0.0004,0.177,0.6501,26.4989,3.9944,1.9596,429.0,6.77,1.9039,11.0
2000-07-06 21:27:00,0.0076,0.0084,0.0057,0.0023,0.403,0.5809,25.8329,4.0434,1.9685,422.0,6.77,1.3528,10.5
2000-07-06 21:50:00,0.0076,0.005,0.0053,0.0061,0.403,0.5809,25.8329,4.0434,1.9685,449.0,6.83,0.903,10.0
2000-07-06 22:26:00,0.0172,0.0088,0.0141,0.0072,0.521,0.5579,26.2797,3.7479,2.1303,421.0,6.24,1.7167,10.0
2000-07-06 23:26:00,0.0023,0.0153,0.0103,0.0057,0.8615,0.4916,25.4687,4.1011,2.3048,404.0,5.4,-0.0289,7.5
2000-07-06 23:50:00,0.0126,0.0084,0.0153,0.0088,0.7739,0.4656,25.9458,3.9512,2.2896,427.0,6.68,0.4835,5.0
2000-07-07 00:06:00,0.0023,0.0275,0.0114,0.0034,0.8042,0.395,25.7334,4.0002,2.3124,427.0,6.68,0.4835,5.0
2000-07-07 00:26:00,0.0095,0.0053,0.0088,0.0084,0.8615,0.4195,26.7265,3.9886,2.3553,440.0,7.63,0.9988,3.0
2000-07-07 00:50:00,0.0061,0.0072,0.0202,0.0015,1.0942,0.3878,25.9863,3.7061,2.3768,408.0,7.63,0.4854,1.0
2000-07-07 01:27:00,0.0072,0.0076,0.0137,0.0095,1.7045,0.369,26.6624,3.5562,2.4976,406.0,8.91,4.7306,1.0
2000-07-07 01:50:00,0.0065,0.0126,0.0107,0.0072,1.5697,0.5132,26.7787,3.5129,2.5589,399.0,6.98,-0.9012,1.0
2000-07-07 02:06:00,0.0156,0.0031,0.0137,0.0061,1.6742,0.5132,27.3486,3.5245,2.6626,399.0,6.98,-0.9012,1.0
2000-07-07 02:26:00,0.0134,0.0061,0.0221,0.0057,1.9574,0.5132,26.5697,3.2448,2.6714,417.0,5.6,-2.916,1.5
2000-07-07 02:50:00,1.2844,0.0088,0.6523,0.0065,2.2576,0.5593,26.6624,2.847,2.7017,412.0,5.6,-1.4834,2.0
2000-07-07 03:06:00,0.3891,0.008,0.6737,0.0137,1.9878,0.5362,26.917,2.847,2.6739,405.0,6.38,-0.4058,2.0
2000-07-07 03:26:00,0.0435,0.0061,0.267,0.0038,2.0653,0.4627,26.6708,2.7144,2.7397,405.0,6.38,-0.4058,1.0
2000-07-07 03:50:00,0.013,0.0156,0.0057,0.0011,2.0687,0.4858,26.8951,2.4952,2.7801,403.0,6.16,0.7368,0.0
2000-07-07 04:06:00,0.0141,0.0027,0.0027,0.0126,2.2103,0.5132,27.443,2.3107,2.9141,399.0,6.16,1.1322,0.0
2000-07-07 04:26:00,0.0072,0.0015,0.0107,0.0095,2.3486,0.4209,27.4531,1.9965,2.8629,397.0,7.02,-0.7426,-1.5
2000-07-07 04:50:00,0.0111,0.0019,0.0065,0.0042,2.5948,0.4699,28.0888,1.8264,2.9085,411.0,7.02,-0.9228,-3.0
2000-07-07 05:06:00,0.0114,0.0031,0.0114,0.0053,2.4565,0.5362,28.3282,1.6649,2.8844,411.0,7.05,-0.9228,-3.0
2000-07-07 05:26:00,0.0042,0.0027,0.0305,0.0015,2.5678,0.3979,28.0854,1.4458,2.8256,404.0,7.05,-0.7698,-2.5
2000-07-07 05:50:00,0.0034,0.0019,0.0084,0.0015,2.6217,0.3979,28.4563,1.2642,2.9691,406.0,6.0,3.4682,-2.0
2000-07-07 06:06:00,0.0072,0.0042,0.0069,0.0057,2.76,0.3287,28.8475,1.3449,3.0981,398.0,6.0,1.3698,-2.0
2000-07-07 06:26:00,0.0153,0.0,0.0072,0.0053,2.7296,0.2797,28.2877,1.1229,3.167,392.0,6.43,-0.7095,-1.5
2000-07-07 06:50:00,0.008,0.0168,0.0103,0.0111,3.0331,0.3056,28.0314,1.0364,3.0191,398.0,6.43,-0.974,-1.0
2000-07-07 07:26:00,0.5989,0.0973,0.0416,0.0038,1.5966,0.0216,21.3093,0.4714,2.2567,404.0,6.49,-0.0231,1.0
2000-07-07 07:50:00,0.0057,0.008,0.0271,0.0046,1.5966,0.0216,21.3093,0.4714,2.2567,392.0,7.46,0.3078,3.0
2000-07-07 08:06:00,0.0076,0.0,0.0069,0.0065,1.5966,0.0216,21.3093,0.4714,2.2567,397.0,7.46,-0.4758,3.0
2000-07-07 08:26:00,0.0042,0.0015,0.016,0.0019,1.5966,0.0216,21.3093,0.4714,2.2567,397.0,7.18,-0.4758,4.0
2000-07-07 08:50:00,0.0038,0.0065,0.032,0.0072,1.5966,0.0216,21.3093,0.4714,2.2567,396.0,7.18,-0.489,5.0
2000-07-07 09:06:00,0.0145,0.0008,0.0103,0.0027,1.5966,0.0216,21.3093,0.4714,2.2567,393.0,6.05,0.5592,5.0
2000-07-07 09:26:00,0.0072,0.0038,0.0111,0.0023,1.5966,0.0216,21.3093,0.4714,2.2567,405.0,6.05,1.4279,5.5
2000-07-07 09:50:00,0.0,0.0011,0.021,0.005,1.5966,0.0216,21.3093,0.4714,2.2567,401.0,6.56,1.7903,6.0
2000-07-07 10:26:00,0.0061,0.0004,0.0088,0.0057,0.9155,0.0,21.8624,0.0,2.9919,401.0,6.96,2.3444,6.5
2000-07-07 10:50:00,0.0072,0.0031,0.0191,0.0038,0.9155,0.0,21.8624,0.0,2.9919,408.0,6.96,2.262,7.0
2000-07-07 11:06:00,0.0065,0.0,0.0137,0.0008,0.9155,0.0,21.8624,0.0,2.9919,404.0,6.22,2.4133,7.0
2000-07-07 11:26:00,0.0061,0.0034,0.0175,0.0042,0.9155,0.0,21.8624,0.0,2.9919,406.0,6.22,3.1358,8.0
2000-07-07 11:50:00,0.0046,0.0031,0.0084,0.0114,0.9155,0.0,21.8624,0.0,2.9919,405.0,5.61,2.2995,9.0
2000-07-07 12:06:00,0.0011,0.0015,0.0145,0.0042,0.9155,0.0,21.8624,0.0,2.9919,405.0,5.61,2.2995,9.0
2000-07-07 12:26:00,0.0515,0.0061,0.0168,0.0023,0.9155,0.0,21.8624,0.0,2.9919,400.0,7.65,2.2728,10.5
2000-07-07 12:50:00,0.0187,0.0122,0.0206,0.0031,0.9155,0.0,21.8624,0.0,2.9919,395.0,7.65,1.3515,12.0
2000-07-07 13:27:00,0.0187,0.0027,0.0118,0.0134,1.9473,0.1759,26.5764,0.0,3.6114,395.0,6.45,0.8441,13.0
2000-07-07 13:50:00,0.0053,0.0061,0.0011,0.0023,2.3351,0.1759,26.8209,0.0,3.4989,391.0,7.64,0.4894,14.0
2000-07-07 14:06:00,0.0202,0.0042,0.0175,0.0145,2.3351,0.1759,26.8209,0.0,3.4989,394.0,7.64,-0.1021,14.0
2000-07-07 14:26:00,0.0042,0.0031,0.0164,0.0072,2.0856,0.1398,26.6725,0.0,3.5185,408.0,7.89,-0.0306,13.5
2000-07-07 14:50:00,0.0076,0.0057,0.0088,0.0027,2.2879,0.1398,27.1463,0.0,3.4407,402.0,7.89,0.951,13.0
2000-07-07 15:06:00,0.0103,0.0053,0.0088,0.0076,2.2845,0.1398,26.3016,0.0,3.418,402.0,7.75,0.951,13.0
2000-07-07 15:26:00,0.008,0.0027,0.0027,0.0038,2.1969,0.0548,25.7165,0.0,3.2871,395.0,7.75,0.2673,12.0
2000-07-07 15:50:00,0.0092,0.0061,0.0118,0.0004,2.3621,0.036,25.4097,0.0,3.3004,395.0,7.08,1.665,11.0
2000-07-07 16:06:00,0.0065,0.0046,0.0137,0.0004,2.3924,0.0836,26.0065,0.0,3.3307,398.0,7.08,1.2192,11.0
2000-07-07 16:26:00,0.0053,0.0748,0.0057,0.0099,2.6959,0.1096,26.0453,0.0,3.1563,396.0,6.48,-0.112,9.5
2000-07-07 16:50:00,0.0107,0.0156,0.0069,0.0023,2.5273,0.1283,25.7756,0.0,3.3187,396.0,6.48,-1.6105,8.0
2000-07-07 17:27:00,0.0011,0.0042,0.0042,0.0031,2.4194,0.0548,25.5193,0.0,3.3686,392.0,6.47,-2.5177,8.5
2000-07-07 19:30:00,0.005,0.0011,0.005,0.0015,2.2238,0.0173,26.2072,0.0,3.6487,394.0,6.92,1.4676,8.0
2000-07-07 19:50:00,0.0053,0.0034,0.0015,0.0084,2.3655,0.0,25.5968,0.0,3.6057,394.0,7.32,-0.5262,7.0
2000-07-07 20:06:00,0.0164,0.008,0.0107,0.0034,2.2238,0.0,25.1619,0.0,3.6057,394.0,7.32,-0.5262,7.0
2000-07-07 20:26:00,0.0084,0.0267,0.0111,0.0015,2.1429,0.0,25.4063,0.0,3.5665,395.0,8.74,-1.8975,8.5
2000-07-07 20:50:00,0.0046,0.0027,0.0099,0.0031,2.1429,0.0,24.9022,0.0,3.5697,391.0,8.74,-1.6864,10.0
2000-07-07 21:26:00,0.0034,0.0072,0.0088,0.0027,2.3587,0.0173,25.4991,0.0,3.5387,410.0,6.89,-0.8696,11.5
2000-07-07 21:50:00,0.0015,0.0122,0.0103,0.0031,2.2542,0.0,24.7808,0.0,3.4066,393.0,5.99,-1.325,13.0
2000-07-07 22:06:00,0.0,0.0031,0.0004,0.0004,2.2812,0.0173,25.349,0.0,3.5583,393.0,5.99,-1.325,13.0
2000-07-07 22:26:00,2.6188,1.0361,0.304,1.6846,2.3891,0.0173,24.6443,0.0,3.4186,386.0,7.35,0.1184,13.0
2000-07-07 23:26:00,0.0027,0.0038,0.0053,0.0065,2.6386,0.0,23.4539,0.0,3.3863,385.0,11.39,-0.8806,14.0
2000-07-07 23:50:00,0.0103,0.0019,0.0008,0.0031,2.7499,0.0,22.8588,0.0,3.4085,386.0,11.64,-0.2791,15.0
2000-07-08 00:06:00,0.0103,0.0122,0.0103,0.0057,2.8038,0.0,22.9903,0.0,3.3295,368.0,11.64,0.0723,15.0
2000-07-08 00:26:00,0.0034,0.0381,0.0294,0.0141,2.7465,0.0,23.3039,0.0,3.2245,356.0,9.23,1.8673,12.5
2000-07-08 00:50:00,0.0149,0.3773,0.0069,0.0034,2.8611,0.0,22.643,0.0,3.2182,358.0,9.23,1.0784,10.0
2000-07-08 01:27:00,0.0114,0.2628,0.0069,0.0019,2.8038,0.0,22.3564,0.0,3.2296,360.0,8.95,1.6102,8.5
2000-07-08 01:50:00,0.0092,0.0008,0.0103,0.0061,2.8847,0.0,22.1456,0.0,3.1809,357.0,8.21,0.9902,7.0
2000-07-08 02:26:00,0.008,0.0034,0.0072,0.0034,3.0196,0.0,22.5013,0.0,3.0703,374.0,8.41,0.0342,6.5
2000-07-08 02:50:00,0.008,0.0065,0.005,0.0019,2.8072,0.0,22.0057,0.0,3.1133,368.0,8.41,-0.6192,6.0
2000-07-08 04:26:00,0.005,0.0046,0.0076,0.0137,3.1039,0.0,22.2906,0.0476,3.4578,354.0,5.66,1.4304,3.0
2000-07-08 05:26:00,0.0065,0.0031,0.0164,0.0034,3.1882,0.0,22.8638,0.0,3.5425,372.0,6.04,-0.4941,3.0
2000-07-08 05:50:00,0.0023,0.0095,0.0023,0.0027,3.2455,0.0,22.5486,0.0,3.7814,368.0,8.15,0.9262,4.0
2000-07-08 06:06:00,0.005,0.0134,0.008,0.0031,3.4378,0.0,23.1572,0.0,3.8826,368.0,8.15,0.9262,4.0
2000-07-08 06:26:00,0.0084,0.0118,0.0084,0.0053,3.4344,0.0,22.8251,0.0,3.7511,371.0,9.62,-0.1634,5.0
2000-07-08 06:50:00,0.0126,0.0015,0.024,0.0038,3.3501,0.0,22.1743,0.0,3.411,380.0,9.62,-0.8784,6.0
2000-07-08 07:26:00,0.0076,0.0042,0.0107,0.0027,1.863,0.0,16.6948,0.0,1.8117,356.0,10.37,0.5275,7.0
2000-07-08 08:06:00,0.0023,0.0114,0.0057,0.0053,1.863,0.0,16.6948,0.0,1.8117,375.0,10.1,1.049,8.0
2000-07-08 08:26:00,0.0027,0.0149,0.0107,0.0046,1.863,0.0,16.6948,0.0,1.8117,370.0,8.4,-2.5224,8.0
2000-07-08 09:06:00,0.0019,0.0111,0.0324,0.0011,1.863,0.0,16.6948,0.0,1.8117,363.0,8.96,-2.4597,8.0
2000-07-08 09:26:00,0.0061,0.0031,0.0278,0.0042,1.863,0.0,16.6948,0.0,1.8117,363.0,8.96,-2.4597,8.5
2000-07-08 09:50:00,0.0042,0.0008,0.0542,0.0053,1.863,0.0,16.6948,0.0,1.8117,356.0,9.32,-2.6172,9.0
2000-07-08 10:27:00,0.013,0.0031,0.1686,0.0076,1.6742,0.0,16.4351,0.0,1.1164,378.0,9.24,-2.126,7.5
2000-07-08 10:50:00,0.0042,0.0027,0.0423,0.0034,1.6742,0.0,16.4351,0.0,1.1164,387.0,9.24,-2.1356,6.0
2000-07-08 11:06:00,0.0061,0.0019,0.0187,0.0011,1.6742,0.0,16.4351,0.0,1.1164,387.0,8.95,-2.1356,6.0
2000-07-08 11:26:00,0.0248,0.0088,0.0214,0.0038,1.6742,0.0,16.4351,0.0,1.1164,387.0,8.95,-2.257,6.5
2000-07-08 11:50:00,0.0027,0.0015,0.024,0.0011,1.6742,0.0,16.4351,0.0,1.1164,379.0,10.35,-2.0434,7.0
2000-07-08 12:06:00,0.0076,0.0057,0.0065,0.0027,1.6742,0.0,16.4351,0.0,1.1164,374.0,10.35,-1.9493,7.0
2000-07-08 12:26:00,0.0038,0.0027,0.0061,0.0042,1.6742,0.0,16.4351,0.0,1.1164,382.0,8.66,-3.0533,6.0
2000-07-08 12:50:00,0.0011,0.0103,0.0076,0.0065,1.6742,0.0,16.4351,0.0,1.1164,381.0,8.66,-1.4833,5.0
2000-07-08 13:27:00,0.0099,0.0084,0.0271,0.0141,3.1376,0.0,21.4324,0.0,2.0734,380.0,6.05,-0.9308,5.0
2000-07-08 13:50:00,0.0034,0.0011,0.0175,0.0072,3.1107,0.0,19.5272,0.0,2.1726,379.0,7.03,-5.2298,5.0
2000-07-08 14:06:00,0.0332,0.0034,0.0084,0.013,3.2759,0.0,19.9656,0.0,2.2251,383.0,7.03,-4.6282,5.0
2000-07-08 14:26:00,0.0015,0.0042,0.0095,0.005,2.9151,0.0,21.7848,0.0,2.5785,383.0,7.31,-4.6282,6.0
2000-07-08 14:50:00,0.0008,0.0027,0.0103,0.0031,3.0028,0.0,20.962,0.0,2.8301,382.0,7.31,-2.8181,7.0
2000-07-08 15:09:00,0.0042,0.0111,0.0221,0.0015,2.7735,0.0,21.3397,0.0,2.6379,392.0,6.01,-2.3116,7.0
2000-07-08 15:32:00,0.008,0.0031,0.0141,0.0046,3.195,0.0,21.9399,0.0,2.9685,382.0,6.01,-3.9994,7.0
2000-07-08 15:43:00,0.0156,0.0042,0.0198,0.0031,3.0297,0.0,22.2603,0.0,2.6126,387.0,6.92,-2.9814,7.0
2000-07-08 16:00:00,0.0088,0.0042,0.0156,0.0084,3.0297,0.0,22.2603,0.0,2.6126,387.0,6.92,-2.9814,7.0
2000-07-08 16:26:00,0.0095,0.0065,0.0153,0.0031,3.4209,0.0,21.9568,0.0,2.4356,390.0,8.03,-1.3482,6.0
2000-07-08 16:40:00,0.0191,0.005,0.0118,0.0023,3.4209,0.0,21.9568,0.0,2.4356,392.0,8.03,-1.3486,6.0
2000-07-08 17:03:00,0.0072,0.0027,0.0134,0.0195,3.2523,0.0,22.0613,0.0,2.2965,391.0,7.61,-0.5822,5.0
2000-07-08 17:26:00,0.0015,0.0061,0.0137,0.0038,3.2253,0.0,22.2569,0.0,2.5014,391.0,7.61,-0.5798,7.5
2000-07-08 17:42:00,0.0031,0.0069,0.0084,0.0088,3.2253,0.0,22.2569,0.0,2.5014,391.0,4.65,-0.5798,7.5
2000-07-08 18:04:00,0.0038,0.0038,0.016,0.0034,3.2287,0.0,21.6128,0.0,2.2991,378.0,4.65,-2.6311,10.0
2000-07-08 18:26:00,0.0031,0.0034,0.0366,0.0027,2.905,0.0,21.0699,0.0,2.1821,381.0,5.11,-0.9098,11.5
2000-07-08 18:45:00,0.0034,0.0046,0.0271,0.013,3.4816,0.0,21.1981,0.0,1.9615,379.0,5.11,1.0699,11.5
2000-07-08 19:04:00,0.0107,0.0,0.0259,0.0122,3.4816,0.0,21.1981,0.0,1.9615,382.0,6.19,1.3482,13.0
2000-07-08 19:26:00,0.0076,0.0065,0.0168,0.0034,3.0972,0.0,20.5001,0.0,2.3775,382.0,6.19,1.3482,12.0
2000-07-08 19:40:00,0.0233,0.0008,0.0126,0.0015,3.0972,0.0,20.5001,0.0,2.3775,386.0,6.19,1.1724,12.0
2000-07-08 20:04:00,0.0031,0.0046,0.0118,0.008,3.0635,0.0,20.5439,0.0,2.6486,381.0,5.44,1.5597,11.0
2000-07-08 20:26:00,0.0164,0.0034,0.0107,0.0027,2.7701,0.0,19.1985,0.0,2.6038,378.0,4.97,1.2725,12.5
2000-07-08 20:45:00,0.005,0.0004,0.0107,0.0061,2.9859,0.0,21.7089,0.0,3.2947,377.0,4.97,1.9183,12.5
2000-07-08 21:00:00,0.0084,0.008,0.0168,0.1225,2.9859,0.0,21.7089,0.0,3.2947,377.0,4.97,1.9183,14.0
2000-07-08 21:26:00,0.0027,0.0008,0.0221,0.322,3.7244,0.0,20.028,0.0,2.7397,371.0,6.4,2.7538,13.0
2000-07-08 21:50:00,0.0042,0.0072,0.0317,0.0168,2.9859,0.0,19.4059,0.0,2.6132,382.0,5.27,2.2439,12.0
2000-07-08 22:26:00,0.0084,0.0042,0.0237,0.0053,2.352,0.0,19.5424,0.0,2.9002,382.0,5.23,1.6136,12.5
2000-07-08 23:26:00,0.0046,0.0095,0.0248,0.0046,2.3216,0.0,18.9388,0.0,3.1702,381.0,5.01,1.4734,13.0
2000-07-08 23:50:00,0.0076,0.0011,0.0088,0.0099,2.1834,0.0,19.2929,0.0,3.4363,383.0,5.84,1.3232,13.0
2000-07-09 00:06:00,0.0057,0.005,0.0118,0.0019,1.9642,0.0,20.0448,0.0,3.6835,394.0,5.84,1.7286,13.0
2000-07-09 00:26:00,0.0065,0.0015,0.0145,0.0057,1.7619,0.0,19.9471,0.0,3.5671,394.0,5.17,1.7286,10.5
2000-07-09 00:50:00,0.0111,0.0008,0.0122,0.0023,1.7619,0.0,19.9471,0.0,3.5671,396.0,5.17,2.2228,8.0
2000-07-09 01:27:00,0.0111,0.0149,0.0465,0.0057,1.138,0.0,19.856,0.0,3.9559,396.0,5.81,4.7251,8.0
2000-07-09 01:50:00,0.0038,0.0027,0.0103,0.0072,1.3623,0.0,21.4476,0.0,4.2214,398.0,6.99,4.1489,8.0
2000-07-09 02:06:00,0.0027,0.0019,0.0122,0.0038,1.251,0.0,22.5705,0.0,4.2353,398.0,6.99,4.1489,8.0
2000-07-09 02:26:00,0.005,0.0103,0.0164,0.0027,0.5446,0.0,20.3399,0.0,4.1032,392.0,6.7,5.025,9.5
2000-07-09 02:50:00,0.013,0.0076,0.0118,0.0107,0.6929,0.0,20.3315,0.0,4.1373,401.0,6.7,4.6502,11.0
2000-07-09 03:26:00,0.0126,0.0072,0.0122,0.0034,1.1212,0.0,21.9551,0.0,4.1702,415.0,5.43,2.2545,11.5
2000-07-09 03:50:00,0.0053,0.0031,0.0099,0.0061,1.2257,0.0,22.0124,0.0,4.0981,382.0,5.09,-0.5825,12.0
2000-07-09 04:06:00,0.013,0.0027,0.0343,0.0061,1.5815,0.0,21.6567,0.0,4.2321,382.0,5.09,-0.5825,12.0
2000-07-09 04:26:00,0.0042,0.0011,0.0114,0.0057,1.3791,0.0,21.3093,0.0,4.1904,398.0,6.62,1.2815,10.5
2000-07-09 05:26:00,0.0061,0.0015,0.0103,0.0038,1.7332,0.0,21.3802,0.0,4.2922,425.0,7.18,-1.386,8.0
2000-07-09 05:50:00,0.0019,0.0057,0.0122,0.0038,1.3741,0.0,22.031,0.0,4.363,423.0,7.19,-1.3563,7.0
2000-07-09 06:06:00,0.0027,0.0034,0.0122,0.0099,1.2021,0.0,22.0411,0.0,4.2334,389.0,7.19,-3.7006,7.0
2000-07-09 06:26:00,0.0011,0.0061,0.0164,0.0053,1.0976,0.0,21.515,0.0,4.3516,397.0,7.42,-3.9373,7.5
2000-07-09 06:50:00,0.0076,0.0061,0.0103,0.0076,1.0032,0.0,21.4274,0.0,4.2454,394.0,7.42,-2.9579,8.0
2000-07-09 07:27:00,0.0031,0.0072,0.016,0.0046,0.0,0.0,16.978,0.0,2.9982,416.0,6.14,-1.7591,6.0
2000-07-09 07:50:00,0.0046,0.0042,0.016,0.0042,0.0,0.0,16.978,0.0,2.9982,409.0,7.31,0.4562,4.0
2000-07-09 08:06:00,0.005,0.0031,0.0252,0.0031,0.0,0.0,16.978,0.0,2.9982,405.0,7.31,4.6658,4.0
2000-07-09 08:26:00,0.0088,0.0023,0.0164,0.0038,0.0,0.0,16.978,0.0,2.9982,389.0,6.89,-0.0601,3.5
2000-07-09 08:50:00,0.0046,0.0038,0.0095,0.0015,0.0,0.0,16.978,0.0,2.9982,391.0,6.89,-1.3034,3.0
2000-07-09 09:06:00,0.0092,0.0008,0.0301,0.0034,0.0,0.0,16.978,0.0,2.9982,391.0,7.09,-1.3034,3.0
2000-07-09 09:26:00,0.0088,0.0023,0.0519,0.0015,0.0,0.0,16.978,0.0,2.9982,394.0,7.09,-0.6481,4.5
2000-07-09 09:50:00,0.0061,0.0172,0.0111,0.0069,0.0,0.0,16.978,0.0,2.9982,384.0,8.51,-2.9192,6.0
2000-07-09 10:26:00,0.0019,0.0034,0.0248,0.0031,1.2797,0.0,20.4124,0.0,6.2152,383.0,6.9,-2.8957,4.0
2000-07-09 10:50:00,0.0084,0.0004,0.0134,0.0065,1.2797,0.0,20.4124,0.0,6.2152,418.0,6.9,2.4214,2.0
2000-07-09 11:06:00,0.0134,0.0134,0.0092,0.0038,1.2797,0.0,20.4124,0.0,6.2152,413.0,8.19,1.7819,2.0
2000-07-09 11:26:00,0.0042,0.0057,0.0389,0.0042,1.2797,0.0,20.4124,0.0,6.2152,406.0,8.19,-2.6435,1.5
2000-07-09 11:50:00,0.0141,0.005,0.0145,0.3819,1.2797,0.0,20.4124,0.0,6.2152,394.0,9.29,-2.4721,1.0
2000-07-09 12:06:00,0.0084,0.0061,0.0141,0.0885,1.2797,0.0,20.4124,0.0,6.2152,394.0,9.29,-2.4721,1.0
2000-07-09 12:26:00,0.0107,0.0011,0.0057,0.0198,1.2797,0.0,20.4124,0.0,6.2152,392.0,8.51,-2.3874,2.0
2000-07-09 12:50:00,0.0187,0.0042,0.0023,0.0065,1.2797,0.0,20.4124,0.0,6.2152,397.0,8.51,-1.2528,3.0
2000-07-09 13:27:00,0.0092,0.0004,0.008,0.0076,1.2797,0.0,20.4124,0.0,6.2152,383.0,8.52,-0.1801,3.0
2000-07-09 13:50:00,0.0103,0.0,0.0137,0.0179,1.1144,0.0,19.738,0.0,6.0761,391.0,9.4,3.2992,3.0
2000-07-09 14:06:00,0.0095,0.0023,0.0095,0.0004,1.2797,0.0,19.6115,0.0,5.9699,391.0,9.4,3.2992,3.0
2000-07-09 14:26:00,0.0088,0.0053,0.0092,0.0,1.2527,0.0,18.9152,0.0,5.6854,384.0,9.56,3.6928,3.5
2000-07-09 14:50:00,0.0206,0.0053,0.0095,0.0019,1.5865,0.0,19.158,0.0,5.6323,377.0,9.56,3.2956,4.0
2000-07-09 15:06:00,0.0057,0.0053,0.0061,0.0015,1.1987,0.0,18.8815,0.0,5.6311,375.0,10.35,2.0723,4.0
2000-07-09 15:26:00,0.0027,0.0011,0.0107,0.0,1.1987,0.0,18.2526,0.0,5.8586,375.0,10.35,2.0723,4.5
2000-07-09 15:50:00,0.0072,0.0114,0.0351,0.0008,1.1212,0.0,19.8071,0.0,5.755,388.0,9.44,0.7164,5.0
2000-07-09 16:06:00,0.0099,0.0019,0.0034,0.013,1.1684,0.0,19.829,0.0,5.8182,380.0,9.44,-0.5826,5.0
2000-07-09 16:26:00,0.0076,0.0061,0.0046,0.0053,1.1144,0.0,19.6571,0.0,6.2404,390.0,9.88,-0.8552,6.5
2000-07-09 16:50:00,0.008,0.0744,0.0122,0.0,1.1414,0.0,19.5525,0.0,6.1835,389.0,9.88,31.7978,8.0
2000-07-09 17:06:00,0.0015,0.0031,0.008,0.0069,1.1144,0.0,19.5323,0.0,6.4086,389.0,7.71,23.9762,8.0
2000-07-09 17:28:00,0.082,0.0084,0.0072,0.0027,0.8346,0.0,18.9742,0.0,6.2733,385.0,7.71,5.3611,8.5
2000-07-09 17:50:00,1.7094,0.0046,0.0149,0.0011,0.666,0.0,19.8678,0.0,6.377,386.0,7.6,-7.889,9.0
2000-07-09 18:06:00,1.2157,0.0126,0.0023,0.0038,0.7772,0.0,19.1428,0.0,6.5944,389.0,7.6,-6.6758,9.0
2000-07-09 18:26:00,0.5241,0.0038,0.0122,0.0023,0.612,0.0,18.8714,0.0,6.8688,381.0,9.69,-12.0445,10.5
2000-07-09 18:50:00,0.3696,0.0011,0.0294,0.0031,0.4097,0.0,18.9422,0.0,7.0964,382.0,9.69,-6.0903,12.0
2000-07-09 19:27:00,0.1572,0.0061,0.0179,0.0031,0.639,0.0,20.087,0.0,7.3258,374.0,9.45,-7.2888,9.0
2000-07-09 19:50:00,0.0412,0.005,0.0271,0.0004,0.3827,0.0,19.5205,0.0,7.365,404.0,10.74,6.636,6.0
2000-07-09 20:06:00,0.0305,0.0092,0.0053,0.0046,0.322,0.0,19.3873,0.0,7.0938,387.0,10.74,35.4072,6.0
2000-07-09 20:26:00,0.0107,0.0328,0.0095,0.0095,0.1467,0.0,18.3437,0.0,7.2007,387.0,10.03,35.4072,5.5
2000-07-09 20:50:00,0.0294,0.0046,0.0084,0.013,0.1467,0.0,18.3976,0.0,6.9604,398.0,10.03,47.7452,5.0
2000-07-09 21:26:00,0.0809,0.0042,0.0084,0.008,0.0,0.0,18.6134,0.0,6.5426,375.0,8.14,63.257,7.0
2000-07-09 21:50:00,0.0488,0.0027,0.0229,0.0084,0.0,0.0,19.4278,0.0,6.767,390.0,8.2,65.5563,9.0
2000-07-09 22:06:00,0.1072,0.0053,0.0057,0.0008,0.0,0.0,19.2322,0.0,6.9181,390.0,8.2,65.5563,9.0
2000-07-09 22:26:00,0.3807,0.0015,0.0023,0.0011,0.0219,0.0,19.3839,0.0,6.9592,382.0,9.06,70.2796,10.0
2000-07-09 23:26:00,2.0035,0.0042,0.0095,0.0046,0.0,0.0,19.0029,0.0,6.6836,379.0,8.12,107.9824,7.5
2000-07-09 23:50:00,0.462,0.0046,0.0092,0.0004,0.0219,0.0,19.008,0.0,6.2366,383.0,8.53,134.857,4.0
2000-07-10 00:06:00,0.079,0.0076,0.0111,0.0015,0.0,0.0,18.3825,0.0,6.6185,383.0,8.53,134.857,4.0
2000-07-10 00:26:00,0.1385,0.0031,0.0008,0.0019,0.0472,0.0,18.6134,0.0,6.3037,388.0,9.14,177.2102,2.0
2000-07-10 00:50:00,0.0553,0.0034,0.0069,0.0065,0.0472,0.0,18.8191,0.0,7.0736,382.0,9.14,240.4001,0.0
2000-07-10 01:27:00,0.2525,0.0031,0.029,0.0031,0.0219,0.0,17.6861,0.0,6.5394,382.0,10.88,327.0455,0.5
2000-07-10 01:50:00,0.013,0.0084,0.0084,0.0004,0.0472,0.0,17.6963,0.0,6.7259,385.0,9.84,430.0428,1.0
2000-07-10 02:06:00,0.0034,0.0015,0.0126,0.0031,0.0472,0.0,17.8328,0.0,6.3485,385.0,9.84,235.6783,1.0
2000-07-10 02:26:00,0.0206,0.0023,0.0137,0.0038,0.0472,0.0,17.8396,0.0,6.1911,383.0,12.51,206.099,4.0
2000-07-10 02:50:00,0.0637,0.0004,0.0095,0.0057,0.0472,0.0,17.5479,0.0,6.0571,383.0,12.51,55.9287,7.0
2000-07-10 03:06:00,0.0504,0.0191,0.0278,0.0019,0.0472,0.0,17.9121,0.0,6.0963,383.0,12.53,55.9287,7.0
2000-07-10 03:26:00,0.09,0.005,0.0145,0.0042,0.0472,0.0,17.0657,0.0,6.1785,407.0,12.53,278.7526,9.0
2000-07-10 03:50:00,0.1766,0.0008,0.0027,0.0019,0.0185,0.0,16.8735,0.0,6.1671,395.0,6.19,209.717,11.0
2000-07-10 04:06:00,0.0797,0.0011,0.0198,0.0023,0.0,0.0,15.9125,0.0,6.0242,401.0,6.19,140.0398,11.0
2000-07-10 04:26:00,0.124,0.0027,0.013,0.0031,0.0,0.0,16.1114,0.0,5.5881,397.0,7.72,92.0633,11.5
2000-07-10 04:50:00,0.1862,0.0042,0.0134,0.0019,0.0,0.0,15.4404,0.0,5.54,386.0,7.72,57.7228,12.0
2000-07-10 05:06:00,0.1198,0.0,0.0164,0.0015,0.0,0.0,16.1991,0.0,5.8308,386.0,10.14,57.7228,12.0
2000-07-10 05:26:00,0.1713,0.0031,0.116,0.0042,0.0,0.0,15.3662,0.0,6.1336,389.0,10.14,55.4719,8.5
2000-07-10 05:50:00,0.2743,0.0034,0.1762,0.0004,0.0,0.0,16.6847,0.0,5.8561,487.0,14.73,38.1752,5.0
2000-07-10 06:06:00,0.1179,0.0076,0.0301,0.0004,0.0,0.0,16.3036,0.0,5.8346,482.0,14.73,27.9419,5.0
2000-07-10 06:26:00,0.0885,0.0061,0.0153,0.013,0.0,0.0,17.1196,0.0,5.8839,482.0,10.78,27.9419,7.5
2000-07-10 06:50:00,0.0889,0.005,0.0111,0.0042,0.0,0.0,16.2665,0.0,5.6121,497.0,10.78,30.6708,10.0
2000-07-10 07:26:00,0.0275,0.0103,0.0088,0.0004,0.0,0.0,12.5219,0.0,4.0602,486.0,17.86,17.9482,3.5
2000-07-10 07:50:00,0.0248,0.0069,0.0118,0.0061,0.0,0.0,12.5219,0.0,4.0602,489.0,14.79,13.5771,-3.0
2000-07-10 08:06:00,0.021,0.0008,0.0114,0.0042,0.0,0.0,12.5219,0.0,4.0602,489.0,14.79,13.5771,-3.0
2000-07-10 08:26:00,0.0122,0.0122,0.0042,0.0084,0.0,0.0,12.5219,0.0,4.0602,474.0,13.77,16.3425,-11.0
2000-07-10 08:50:00,0.0065,0.0038,0.005,0.005,0.0,0.0,12.5219,0.0,4.0602,504.0,13.77,23.9262,-19.0
2000-07-10 09:06:00,0.0114,0.0011,0.0053,0.0057,0.0,0.0,12.5219,0.0,4.0602,510.0,12.07,19.136,-19.0
2000-07-10 09:26:00,0.0118,0.0015,0.0114,0.0019,0.0,0.0,12.5219,0.0,4.0602,489.0,12.07,19.5012,-10.0
2000-07-10 09:50:00,0.008,0.0031,0.0053,0.0023,0.0,0.0,12.5219,0.0,4.0602,529.0,14.69,13.219,-1.0
2000-07-10 10:06:00,0.0092,0.0038,0.0118,0.0011,0.0,0.0,12.5219,0.0,4.0602,529.0,14.69,13.219,-1.0
2000-07-10 10:26:00,0.0149,0.0004,0.0092,0.0031,0.0,0.0,17.091,0.0,5.5097,514.0,17.28,11.6659,2.5
2000-07-10 10:50:00,0.0107,0.0038,0.0103,0.0038,0.0,0.0,17.091,0.0,5.5097,518.0,17.28,9.6091,6.0
2000-07-10 11:06:00,0.0027,0.0031,0.0137,0.0458,0.0,0.0,17.091,0.0,5.5097,530.0,17.88,13.5077,6.0
2000-07-10 11:26:00,0.0134,0.0061,0.0107,0.0027,0.0,0.0,17.091,0.0,5.5097,530.0,17.88,13.5077,4.0
2000-07-10 11:50:00,0.0069,0.0015,0.0141,0.0015,0.0,0.0,17.091,0.0,5.5097,510.0,20.66,14.9369,2.0
2000-07-10 12:06:00,0.0042,0.0023,0.0156,0.0069,0.0,0.0,17.091,0.0,5.5097,534.0,20.66,11.7785,2.0
2000-07-10 12:26:00,0.0172,0.0198,0.0343,0.0011,0.0,0.0,17.091,0.0,5.5097,483.0,17.06,13.5206,1.5
2000-07-10 12:50:00,0.0267,0.0015,0.0118,0.0038,0.0,0.0,17.091,0.0,5.5097,484.0,17.06,12.5914,1.0
2000-07-10 13:27:00,0.0027,0.0053,0.0282,0.0023,0.0,0.0,17.091,0.0,5.5097,473.0,20.76,14.1724,7.0
2000-07-10 13:50:00,0.0046,0.0023,0.0126,0.0065,0.0,0.0,17.3641,0.0,5.1323,494.0,16.79,15.7695,13.0
2000-07-10 14:06:00,0.0164,0.0008,0.0114,0.0042,0.0,0.0,17.3641,0.0,5.1323,496.0,16.79,20.6598,13.0
2000-07-10 14:26:00,0.0023,0.0038,0.0126,0.0019,0.0,0.0,16.3458,0.0,5.3144,478.0,14.81,13.8243,13.0
2000-07-10 14:50:00,0.0053,0.0038,0.0141,0.008,0.0,0.0,16.3255,0.0,5.0931,482.0,14.81,12.228,13.0
2000-07-10 15:06:00,0.0027,0.0088,0.0286,0.0011,0.0,0.0,16.3053,0.0,5.1626,482.0,13.26,12.228,13.0
2000-07-10 15:26:00,0.0126,0.0042,0.0069,0.0031,0.0,0.0,16.6998,0.0,5.5173,514.0,13.26,7.8418,12.0
2000-07-10 15:50:00,0.0069,0.0019,0.0065,0.0031,0.0,0.0,17.0876,0.0,5.5223,522.0,13.45,7.1261,11.0
2000-07-10 16:06:00,0.0031,0.0042,0.0061,0.0034,0.0,0.0,17.3338,0.0,5.2771,520.0,13.45,8.6992,11.0
2000-07-10 16:26:00,0.0015,0.0008,0.0149,0.005,0.0,0.0,17.3338,0.0,5.449,520.0,16.0,8.6992,9.5
2000-07-10 16:50:00,0.0084,0.0034,0.0202,0.0046,0.0,0.0,17.0303,0.0,4.961,511.0,16.0,9.0398,8.0
2000-07-10 17:06:00,0.021,0.0031,0.0217,0.0046,0.0,0.0,16.4537,0.0,4.8207,528.0,22.65,6.525,8.0
2000-07-10 17:26:00,0.0046,0.0061,0.0099,0.0004,0.0,0.0,16.7808,0.0,4.5571,536.0,22.65,22.6266,10.0
2000-07-10 17:50:00,0.0122,0.005,0.0187,0.0023,0.0,0.0,16.5919,0.0,4.399,545.0,22.61,26.5074,12.0
2000-07-10 18:06:00,0.3452,0.0015,0.0359,0.0282,0.0,0.0,17.0505,0.0,4.3965,545.0,22.61,26.5074,12.0
2000-07-10 18:26:00,0.2419,0.0008,0.0103,0.0126,0.0,0.0,17.327,0.0,4.0697,540.0,14.03,0.6805,13.5
2000-07-10 18:50:00,0.0019,0.0126,0.0225,0.0031,0.0,0.0,17.3118,0.0,4.5179,530.0,14.03,-8.7102,15.0
2000-07-10 19:27:00,0.013,0.0011,0.0118,0.0046,0.0,0.0,17.3253,0.0,4.2075,526.0,15.22,31.2031,11.5
2000-07-10 19:50:00,0.0038,0.0011,0.0134,0.0076,0.0,0.0,16.9696,0.0,3.8092,510.0,16.77,29.5551,8.0
2000-07-10 20:06:00,0.005,0.0034,0.0179,0.0107,0.0,0.0,17.504,0.0,3.3491,510.0,16.77,29.5551,8.0
2000-07-10 20:26:00,0.0053,0.0088,0.0156,0.0057,0.0,0.0,18.111,0.0,3.301,500.0,13.88,25.644,8.5
2000-07-10 20:50:00,0.5634,0.0149,0.0137,0.008,0.0,0.0,17.9795,0.0,3.1784,510.0,13.88,27.8653,9.0
2000-07-10 21:26:00,0.5688,0.0835,0.0118,0.0072,0.0,0.0,17.7114,0.0,3.5931,474.0,17.09,28.3285,12.0
2000-07-10 21:50:00,5.8353,0.0034,2.9968,0.0145,0.0,0.0,17.7839,0.0,3.0519,476.0,20.16,28.074,15.0
2000-07-10 22:06:00,5.1983,0.0584,1.7342,0.008,0.0,0.0,17.9525,0.0,2.7207,464.0,20.16,27.0526,15.0
2000-07-10 22:26:00,1.548,0.008,0.2804,0.0141,0.0,0.0,18.2864,0.0,2.8964,459.0,18.89,21.9913,18.0
2000-07-10 23:26:00,0.0858,0.0057,0.4974,0.0111,0.0,0.0,17.8412,0.0,3.3965,499.0,19.46,23.5318,19.0
2000-07-10 23:50:00,0.0275,0.0031,0.1392,0.016,0.0,0.0,17.7081,0.0,3.3554,503.0,18.82,13.6748,17.0
2000-07-11 00:06:00,0.0122,0.0011,0.0095,0.0092,0.0,0.0,17.7873,0.0,3.4862,503.0,18.82,21.1301,17.0
2000-07-11 00:26:00,0.0053,0.0099,0.0221,0.0164,0.0,0.0,18.3285,0.0,3.2612,505.0,14.71,28.4022,16.5
2000-07-11 00:50:00,0.008,0.0065,0.0103,0.0061,0.0,0.0,19.2423,0.0,3.1354,486.0,14.71,20.2664,16.0
2000-07-11 01:27:00,0.1865,0.0015,0.0057,0.0065,0.0,0.0,17.993,0.0,3.3054,487.0,17.55,17.8092,19.0
2000-07-11 01:50:00,0.1247,0.0061,0.0088,0.0095,0.0556,0.0,17.3641,0.0,3.3332,486.0,15.19,3.9515,22.0
2000-07-11 02:06:00,0.0172,0.0023,0.0069,0.0111,0.0556,0.0,17.8632,0.0,3.4255,497.0,15.19,10.5306,22.0
2000-07-11 02:26:00,0.0221,0.0145,0.0,0.0134,0.0556,0.0,17.4265,0.0,2.9767,497.0,19.36,10.5306,20.0
2000-07-11 02:50:00,0.0126,0.0072,0.0122,0.013,0.0,0.0,19.5374,0.0,3.0475,496.0,19.36,-2.1539,18.0
2000-07-11 03:06:00,0.0042,0.0027,0.0191,0.0072,0.0,0.0,18.6117,0.0,2.9913,506.0,28.27,-0.9641,18.0
2000-07-11 03:26:00,0.0088,0.0034,0.0114,0.0183,0.0,0.0,18.084,0.0,2.8908,483.0,28.27,1.3718,25.5
2000-07-11 03:50:00,0.0042,0.0004,0.0107,0.0114,0.0,0.0,19.2727,0.0,2.7877,510.0,15.99,3.9179,33.0
2000-07-11 04:06:00,0.0168,0.0015,0.0164,0.0149,0.0,0.0,18.6488,0.0,3.2429,510.0,15.99,3.9179,33.0
2000-07-11 04:26:00,0.0015,0.0107,0.024,0.0126,0.0,0.0,19.2828,0.0,3.3598,515.0,16.51,1.5195,38.0
2000-07-11 04:50:00,0.0042,0.0088,0.0137,0.0088,0.0,0.0,19.8746,0.0,3.6474,486.0,16.51,-1.0711,43.0
2000-07-11 05:06:00,0.0042,0.0076,0.0141,0.0172,0.0,0.0,18.6252,0.0,3.5001,497.0,11.37,-0.5977,43.0
2000-07-11 05:26:00,0.0019,0.0084,0.0134,0.0332,0.0,0.0,18.2914,0.0,3.0804,488.0,11.37,-2.0314,46.0
2000-07-11 05:50:00,0.0031,0.0061,0.0042,0.0221,0.0,0.0,18.5662,0.0,3.2378,487.0,13.93,-2.5349,49.0
2000-07-11 06:06:00,0.0069,0.0011,0.0057,0.0118,0.0,0.0,18.4246,0.0,3.3377,487.0,13.93,-2.5349,49.0
2000-07-11 06:26:00,0.0034,0.0046,0.0057,0.0069,0.0,0.0,18.5797,0.0,3.5185,514.0,6.7,-0.5733,36.5
2000-07-11 06:50:00,0.0267,0.0046,0.0111,0.016,0.0,0.0,18.5561,0.0,3.5147,511.0,6.7,0.721,24.0
2000-07-11 07:27:00,0.0023,0.0011,0.0092,0.0137,0.0,0.0,14.1641,0.0,1.8699,506.0,8.75,4.3933,22.0
2000-07-11 07:50:00,0.0015,0.0072,0.0294,0.0103,0.0,0.0,14.1641,0.0,1.8699,495.0,18.78,1.3346,20.0
2000-07-11 08:06:00,0.0084,0.0042,0.0118,0.0088,0.0,0.0,14.1641,0.0,1.8699,533.0,18.78,-1.3528,20.0
2000-07-11 08:26:00,0.0107,0.0031,0.0088,0.0141,0.0,0.0,14.1641,0.0,1.8699,532.0,13.37,-3.1827,22.0
2000-07-11 08:50:00,0.0324,0.0,0.0118,0.0145,0.0,0.0,14.1641,0.0,1.8699,516.0,13.37,-1.015,24.0
2000-07-11 09:06:00,0.0134,0.0069,0.0065,0.013,0.0,0.0,14.1641,0.0,1.8699,516.0,13.03,-1.015,24.0
2000-07-11 09:26:00,0.0149,0.0019,0.0103,0.0088,0.0,0.0,14.1641,0.0,1.8699,536.0,13.03,3.3939,22.5
2000-07-11 09:50:00,0.0072,0.0275,0.0126,0.029,0.0,0.0,14.1641,0.0,1.8699,520.0,9.3,-2.1064,21.0
2000-07-11 10:06:00,0.005,0.0126,0.0095,0.0076,0.0,0.0,14.1641,0.0,1.8699,483.0,9.3,-2.569,21.0
2000-07-11 10:26:00,0.0095,0.0038,0.0057,0.0156,0.0,0.0,15.3898,0.0,0.8913,471.0,14.82,-2.3042,24.0
2000-07-11 10:50:00,0.0076,0.0145,0.0191,0.0134,0.0,0.0,15.3898,0.0,0.8913,483.0,14.82,-3.4725,27.0
2000-07-11 11:06:00,0.0042,0.0027,0.0107,0.0118,0.0,0.0,15.3898,0.0,0.8913,483.0,30.5,-3.4725,27.0
2000-07-11 11:26:00,0.0038,0.0336,0.0042,0.0931,0.0,0.0,15.3898,0.0,0.8913,514.0,30.5,-3.8212,23.5
2000-07-11 11:50:00,0.0095,0.0015,0.0168,0.1053,0.0,0.0,15.3898,0.0,0.8913,512.0,34.26,-2.9954,20.0
2000-07-11 12:06:00,0.0126,0.0038,0.0061,0.0549,0.0,0.0,15.3898,0.0,0.8913,512.0,34.26,-2.413,20.0
2000-07-11 12:26:00,0.0118,0.0057,0.0103,0.0813,0.0,0.0,15.3898,0.0,0.8913,512.0,17.19,-2.413,22.0
2000-07-11 12:50:00,0.0118,0.0031,0.0027,0.0587,0.0,0.0,15.3898,0.0,0.8913,504.0,17.19,-2.1868,24.0
2000-07-11 13:27:00,0.354,0.5966,0.2205,0.0195,0.9054,0.2508,18.7449,0.0,1.9482,472.0,20.74,-0.7695,17.5
2000-07-11 13:50:00,0.209,0.3971,0.3593,0.0259,0.6255,0.3488,18.6488,0.0,2.6082,469.0,22.56,1.6036,11.0
2000-07-11 14:06:00,0.6359,0.0275,0.185,0.0153,0.3119,0.3229,18.3302,0.0,2.9047,469.0,22.56,1.6036,11.0
2000-07-11 14:26:00,0.0271,0.0019,0.1572,0.0107,0.0624,0.1369,17.5209,0.0,2.8927,510.0,9.05,-1.748,10.5
2000-07-11 14:50:00,0.032,0.0103,0.1907,0.0088,0.0405,0.1067,16.978,0.0,2.6626,524.0,9.05,-4.8996,10.0
2000-07-11 15:06:00,0.0511,0.0092,0.0359,0.0137,0.0202,0.382,16.484,0.0,2.7201,523.0,10.46,3.0873,10.0
2000-07-11 15:26:00,0.0469,0.0061,0.1213,0.0118,0.0202,0.4685,16.4199,0.0,3.2372,523.0,10.46,21.6047,5.5
2000-07-11 15:50:00,0.0053,0.0092,0.0126,0.0137,0.0,0.2263,15.5702,0.0,2.7492,524.0,6.52,16.846,1.0
2000-07-11 16:36:00,0.061,0.0061,0.0153,0.0111,0.0,0.2263,15.5702,0.0,2.7492,529.0,6.14,16.0963,-1.5
2000-07-11 18:48:00,0.005,0.0015,0.0175,0.0126,0.1855,0.3935,15.9698,0.0,2.4716,478.0,7.36,-13.9098,-5.0
2000-07-11 20:16:00,0.0027,0.0042,0.0187,0.0534,0.2209,0.0,14.8739,0.0,2.2921,536.0,9.61,-4.8453,-14.5
2000-07-11 20:50:00,0.0103,0.0023,0.008,0.0145,0.2209,0.0,14.4979,0.0,2.2024,550.0,7.78,-0.2148,-16.0
2000-07-11 21:26:00,0.0072,0.0038,0.013,0.013,0.1871,0.0,14.5653,0.0,2.1922,548.0,9.54,1.6889,-18.5
2000-07-11 21:50:00,0.0057,0.0038,0.0027,0.0145,0.1669,0.0,14.7812,0.0,2.1467,561.0,11.67,1.3495,-21.0
2000-07-11 22:06:00,0.0042,0.0076,0.005,0.016,0.1871,0.0,15.5955,0.0,2.3952,559.0,11.67,-1.5219,-21.0
2000-07-11 22:26:00,0.0084,0.0061,0.0114,0.0092,0.1871,0.0,15.0239,0.0,3.0949,559.0,12.12,-1.5219,-16.0
2000-07-11 23:26:00,0.0179,0.0053,0.0069,0.0095,0.2209,0.0,15.0509,0.0,2.4059,538.0,6.07,-6.8287,-5.0
2000-07-11 23:50:00,0.0134,0.0095,0.0099,0.0111,0.1871,0.0,15.3864,0.0,2.4982,528.0,6.75,-6.477,1.0
2000-07-12 00:06:00,0.0126,0.0122,0.0431,0.0076,0.1871,0.0,14.6345,0.0,2.2302,528.0,6.75,-6.477,1.0
2000-07-12 00:50:00,0.0038,0.0046,0.0156,0.0057,0.1871,0.0,14.6598,0.0,2.4419,550.0,10.7,-5.3237,-19.0
2000-07-12 01:27:00,0.0019,0.0069,0.0027,0.0099,0.1871,0.0,14.0983,0.0,2.7542,576.0,6.14,0.5099,-22.5
2000-07-12 01:50:00,0.0187,0.008,0.0088,0.005,0.1871,0.0,13.6026,0.0,2.9186,568.0,3.65,1.2053,-26.0
2000-07-12 02:06:00,0.0046,0.0015,0.0023,0.008,0.2478,0.0,14.3765,0.0,2.5608,568.0,3.65,1.2053,-26.0
2000-07-12 02:26:00,0.0088,0.0034,0.0149,0.0088,0.1871,0.0,14.4608,0.0,2.6404,587.0,4.17,2.1029,-25.0
2000-07-12 02:50:00,0.0092,0.0015,0.0046,0.0088,0.1871,0.0,14.4743,0.0,2.5368,603.0,4.17,1.5631,-24.0
2000-07-12 03:06:00,0.5714,0.0027,0.4509,0.0065,0.2141,0.0,14.9447,0.0,2.777,520.0,3.79,0.6636,-24.0
2000-07-12 03:26:00,1.749,0.0023,1.5961,0.0252,0.3355,0.0,15.3325,0.0,2.5292,520.0,3.79,0.6636,-23.5
2000-07-12 03:50:00,1.5633,0.0057,2.4509,0.0134,0.4535,0.0,15.9765,0.0,2.6929,535.0,3.81,1.3085,-23.0
2000-07-12 04:06:00,0.4498,0.0038,0.8739,0.0122,0.3052,0.0,15.8771,0.0,2.4641,529.0,3.81,1.1976,-23.0
2000-07-12 04:26:00,0.3952,0.0069,0.1667,0.0095,0.3052,0.0,14.7154,0.0,2.3914,545.0,3.63,0.3184,-24.0
2000-07-12 04:50:00,1.5499,0.0019,0.0526,0.0252,0.2748,0.0,14.8064,0.0,2.3357,533.0,3.63,2.2124,-25.0
2000-07-12 05:06:00,2.5593,0.0019,0.296,0.0088,0.3355,0.0,14.5721,0.0,2.2567,533.0,1.94,2.2124,-25.0
2000-07-12 05:26:00,3.6808,0.0038,0.6813,0.008,0.3052,0.0,14.9835,0.0,2.3768,527.0,1.94,2.5304,-23.0
2000-07-12 05:50:00,3.0861,0.0107,0.0145,0.008,0.2478,0.0,14.3394,0.0,2.3553,562.0,2.12,0.0611,-21.0
2000-07-12 06:06:00,1.1864,0.0164,0.0721,0.0126,0.2141,0.0,14.7036,0.0,2.5089,559.0,2.12,-1.1642,-21.0
2000-07-12 06:26:00,0.0809,0.0137,0.0057,0.0153,0.1871,0.0,14.2315,0.0,2.507,558.0,2.11,-0.7079,-19.0
2000-07-12 06:50:00,0.0393,0.0084,0.0122,0.0111,0.1146,0.0,14.6935,0.0,2.4021,511.0,2.11,0.4974,-17.0
2000-07-12 07:27:00,0.0175,0.0034,0.0111,0.008,0.1146,0.0,14.6935,0.0,2.4021,529.0,1.93,1.1963,-16.0
2000-07-12 07:50:00,0.0191,0.0076,0.0145,0.0038,0.1146,0.0,14.6935,0.0,2.4021,564.0,4.67,1.706,-15.0
2000-07-12 08:06:00,0.0061,0.0175,0.0168,0.0057,0.1146,0.0,14.6935,0.0,2.4021,523.0,4.67,2.5682,-15.0
2000-07-12 08:26:00,0.0084,0.0275,0.0072,0.0111,0.1146,0.0,14.6935,0.0,2.4021,523.0,3.79,2.5682,-14.0
2000-07-12 08:50:00,0.0294,0.0019,0.0195,0.0046,0.1146,0.0,14.6935,0.0,2.4021,501.0,3.79,1.6089,-13.0
2000-07-12 09:06:00,0.0072,0.005,0.0061,0.0023,0.1146,0.0,14.6935,0.0,2.4021,496.0,6.35,4.1308,-13.0
2000-07-12 09:26:00,0.0042,0.0069,0.0031,0.0137,0.1146,0.0,14.6935,0.0,2.4021,506.0,6.35,5.1159,-7.5
2000-07-12 09:50:00,0.0107,0.0027,0.0092,0.0031,0.1146,0.0,14.6935,0.0,2.4021,492.0,6.72,4.8496,-2.0
2000-07-12 10:06:00,0.0084,0.0057,0.0095,0.0099,0.1366,0.0,10.6049,0.0,1.6138,492.0,6.72,4.8496,-2.0
2000-07-12 10:26:00,0.0042,0.0126,0.0088,0.008,0.1366,0.0,10.6049,0.0,1.6138,492.0,2.98,6.8389,-4.0
2000-07-12 10:50:00,0.0015,0.0088,0.0195,0.0011,0.1366,0.0,10.6049,0.0,1.6138,494.0,2.98,3.8936,-6.0
2000-07-12 11:06:00,0.0046,0.0023,0.0122,0.0141,0.1366,0.0,10.6049,0.0,1.6138,504.0,2.48,2.7166,-6.0
2000-07-12 11:26:00,0.0797,0.0114,0.0221,0.0031,0.1366,0.0,10.6049,0.0,1.6138,487.0,2.48,3.5109,-9.0
2000-07-12 11:50:00,0.5398,0.0031,0.0053,0.0034,0.1366,0.0,10.6049,0.0,1.6138,487.0,2.46,4.5066,-12.0
2000-07-12 12:06:00,0.0961,0.0076,0.0107,0.0046,0.1366,0.0,10.6049,0.0,1.6138,487.0,2.46,4.5066,-12.0
2000-07-12 12:26:00,0.0477,0.0038,0.0065,0.0038,0.1366,0.0,10.6049,0.0,1.6138,505.0,2.43,4.5365,-14.5
2000-07-12 12:50:00,0.0084,0.0088,0.0263,0.0031,0.1366,0.0,10.6049,0.0,1.6138,493.0,2.43,5.164,-17.0
2000-07-12 13:27:00,0.0023,0.0065,0.0053,0.0057,0.2428,0.0,12.2825,0.0,3.0538,503.0,2.35,5.3902,-16.5
2000-07-12 13:50:00,0.0095,0.0095,0.0057,0.0134,0.3035,0.0,12.1881,0.0,2.9363,483.0,2.44,5.2836,-16.0
2000-07-12 14:06:00,0.005,0.0118,0.0168,0.0057,0.322,0.0,12.6062,0.0,2.9034,484.0,2.44,5.8537,-16.0
2000-07-12 14:26:00,0.0065,0.0019,0.0187,0.0042,0.349,0.0,12.3803,0.0,2.9375,479.0,4.53,6.6846,-12.5
2000-07-12 14:50:00,0.005,0.0164,0.005,0.0168,0.349,0.0,11.8441,0.0,2.9312,479.0,4.53,6.8688,-9.0
2000-07-12 15:06:00,0.0061,0.0069,0.0023,0.0038,0.3574,0.0,12.473,0.0,3.1841,479.0,5.01,6.8688,-9.0
2000-07-12 15:26:00,0.0015,0.0053,0.0706,0.0031,0.3271,0.0,11.7059,0.0,3.4748,479.0,5.01,6.6948,-5.5
2000-07-12 15:50:00,0.0069,0.0038,0.0065,0.0061,0.3085,0.0,12.1358,0.0,3.2852,486.0,4.7,6.1317,-2.0
2000-07-12 16:06:00,0.0031,0.0046,0.0046,0.0069,0.2816,0.0,12.8052,0.0,3.2877,497.0,4.7,5.923,-2.0
2000-07-12 16:26:00,0.0076,0.008,0.0072,0.0076,0.3844,0.0,13.5403,0.0,3.0652,514.0,4.6,6.9117,1.0
2000-07-12 16:50:00,0.0027,0.0015,0.0095,0.005,0.3844,0.0,13.4644,0.0,2.9679,504.0,4.6,7.2541,4.0
2000-07-12 17:06:00,0.0061,0.2567,0.0149,0.5657,0.3844,0.0,13.7004,0.0,3.002,504.0,5.17,7.2541,4.0
2000-07-12 17:26:00,0.0031,2.3876,0.0046,2.3098,0.3844,0.0,13.4711,0.0,3.0678,502.0,5.17,7.5539,4.5
2000-07-12 17:50:00,0.0034,2.9896,0.0072,2.7306,0.3271,0.0,12.3044,0.0,3.2561,506.0,3.71,8.2312,5.0
2000-07-12 18:06:00,0.005,0.164,0.0179,0.3609,0.3085,0.0,12.3331,0.0,2.9679,494.0,3.71,8.1265,5.0
2000-07-12 18:26:00,0.0038,0.2449,0.0053,0.2781,0.3085,0.0,13.6397,0.0,2.9818,494.0,2.18,8.1265,2.0
2000-07-12 18:50:00,0.0076,0.2308,0.0237,0.2949,0.5378,0.0,14.1489,0.0,2.789,508.0,2.18,7.8029,-1.0
2000-07-12 19:31:00,0.0053,0.2014,0.0198,0.1221,0.1399,0.0,11.4024,0.0,1.7327,513.0,2.32,6.5083,-4.0
2000-07-12 19:54:00,0.0191,0.029,0.0137,0.0168,0.0927,0.0,11.4564,0.0,1.7529,514.0,3.23,6.6091,-7.0
2000-07-12 20:06:00,0.0072,0.0076,0.0175,0.0027,0.0523,0.0,11.1714,0.0,1.8876,514.0,3.23,6.6091,-7.0
2000-07-12 20:30:00,0.0137,0.9521,0.0088,0.7046,0.1264,0.0,11.3535,0.0,2.1012,509.0,3.06,6.8588,-7.0
2000-07-12 21:30:00,0.0042,5.4581,0.0038,2.9953,0.1619,0.0,11.3771,0.0,2.1227,484.0,1.61,7.2169,-6.5
2000-07-12 21:54:00,0.0057,0.164,0.0069,0.0381,0.1619,0.0,12.4022,0.0,1.8433,481.0,1.8,7.3119,-6.0
2000-07-12 22:06:00,0.0053,0.0183,0.0092,0.005,0.1619,0.0,12.7866,0.0,1.8256,481.0,1.8,7.3119,-6.0
2000-07-12 22:30:00,0.0053,0.0095,0.0389,0.0145,0.1619,0.0,11.7868,0.0,1.6701,493.0,3.11,7.3432,-7.0
2000-07-12 23:06:00,0.0671,0.0084,0.0145,0.0084,0.0742,0.0,11.5862,0.0,0.9248,489.0,3.02,6.0523,-8.0
2000-07-12 23:30:00,0.0034,0.0053,0.0031,0.0072,0.0523,0.0,11.2911,0.0,0.983,515.0,3.02,6.8115,-8.0
2000-07-12 23:54:00,0.0072,0.0053,0.0076,0.013,0.0523,0.0,11.2642,0.0,1.0272,520.0,4.66,7.1602,-8.0
2000-07-13 00:06:00,0.0019,0.0088,0.0164,0.0092,0.0523,0.0,11.7278,0.0,0.9514,520.0,4.66,7.1602,-8.0
2000-07-13 00:30:00,0.1072,0.0069,0.0107,0.0057,0.0523,0.0,11.6873,0.0,0.6176,504.0,2.73,6.5141,-7.5
2000-07-13 00:54:00,0.0172,0.0053,0.0008,0.0145,0.0658,0.0,12.5236,0.0,0.2826,514.0,2.73,7.8309,-7.0
2000-07-13 01:31:00,0.0168,0.0187,0.0031,0.0076,0.0658,0.0,13.2975,0.0,0.4077,528.0,2.48,8.3604,-6.0
2000-07-13 01:54:00,0.0038,0.0038,0.008,0.0061,0.0658,0.0,13.2907,0.0,0.1821,552.0,2.67,7.7247,-5.0
2000-07-13 02:06:00,0.0095,0.005,0.0088,0.008,0.0658,0.0,13.2385,0.0,0.3255,514.0,2.67,8.3361,-5.0
2000-07-13 02:30:00,0.0061,0.0076,0.0015,0.0072,0.0658,0.0,12.6383,0.0,0.251,516.0,3.23,8.2948,-3.0
2000-07-13 02:54:00,0.0095,0.0034,0.0107,0.0134,0.0523,0.0,11.8087,0.0,0.208,505.0,3.23,7.681,-1.0
2000-07-13 03:06:00,0.0092,0.0076,0.0069,0.0145,0.0523,0.0,11.8087,0.0,0.208,505.0,4.66,7.681,-1.0
2000-07-13 03:30:00,0.0011,0.0019,0.0137,0.0137,0.0523,0.0,11.7278,0.0,0.2408,518.0,4.66,7.2459,-0.5
2000-07-13 03:54:00,0.0042,0.0099,0.0114,0.0179,0.0523,0.0,11.544,0.0,0.2396,527.0,5.55,3.5218,0.0
2000-07-13 04:06:00,0.0038,0.016,0.0099,0.0069,0.0523,0.0,11.1057,0.0,0.1865,536.0,5.55,3.0577,0.0
2000-07-13 04:30:00,0.0038,0.0069,0.0977,0.0118,0.0523,0.0,10.8612,0.0,0.1764,528.0,5.6,5.1863,0.0
2000-07-13 04:54:00,0.0755,0.0088,0.0584,0.0072,0.0523,0.0,11.1883,0.0,0.0879,538.0,5.6,3.2069,0.0
2000-07-13 05:06:00,0.0156,0.0046,0.0313,0.0053,0.0523,0.0,11.2456,0.0,0.1188,538.0,5.03,3.2069,0.0
2000-07-13 05:30:00,0.0874,0.0175,0.0275,0.0107,0.0523,0.0,11.9015,0.0,0.0891,537.0,5.03,-1.1112,2.5
2000-07-13 05:54:00,0.0683,0.0004,0.0122,0.0103,0.0253,0.0,11.7885,0.0,0.0405,536.0,6.52,0.3034,5.0
2000-07-13 06:06:00,0.0011,0.0088,0.0221,0.0057,0.0253,0.0,11.4092,0.0,0.0,536.0,6.52,0.3034,5.0
2000-07-13 06:30:00,0.0027,0.0038,0.0996,0.0072,0.0253,0.0,11.6334,0.0,0.0,531.0,5.04,0.3045,6.5
2000-07-13 06:54:00,0.0042,0.0031,0.0126,0.013,0.0253,0.0,11.2473,0.0,0.0,508.0,5.04,-3.0143,8.0
2000-07-13 07:32:00,0.0065,0.0076,0.0088,0.0141,0.0253,0.0,11.1411,0.0,0.0209,514.0,4.91,0.2458,7.0
2000-07-13 07:54:00,0.0202,0.0088,0.0122,0.0061,0.0253,0.0,11.104,0.0,0.0209,525.0,4.84,3.0843,6.0
2000-07-13 08:06:00,0.0092,0.0034,0.0114,0.0053,0.0253,0.0,11.3434,0.0,0.1327,525.0,4.84,3.0843,6.0
2000-07-13 08:30:00,0.0153,0.0134,0.0099,0.0057,0.0253,0.0,11.2389,0.0,0.0164,520.0,12.46,3.2404,4.5
2000-07-13 08:54:00,0.0042,0.008,0.008,0.0069,0.0253,0.0,11.1411,0.0,0.055,611.0,12.46,3.1107,3.0
2000-07-13 09:06:00,0.0076,0.0034,0.0366,0.0092,0.0253,0.0,10.9185,0.0,0.2687,712.0,23.39,4.1794,3.0
2000-07-13 09:30:00,0.024,0.0015,0.0027,0.0057,0.0253,0.0,10.7786,0.0,0.3116,725.0,23.39,-1.725,9.5
2000-07-13 09:54:00,0.0038,0.0092,0.0141,0.0191,0.0253,0.0,10.4094,0.0,0.1966,726.0,26.99,2.4336,16.0
2000-07-13 10:06:00,0.0072,0.0027,0.0065,0.0114,0.0253,0.0,10.5004,0.0,0.2301,726.0,26.99,2.4336,16.0
2000-07-13 10:30:00,0.0053,0.0008,0.0038,0.0061,0.0253,0.0,10.497,0.0,0.0,716.0,25.89,-8.6579,33.0
2000-07-13 10:54:00,0.008,0.0004,0.0114,0.005,0.0253,0.0,9.418,0.0,0.0082,745.0,25.89,2.1492,50.0
2000-07-13 11:06:00,0.0065,0.005,0.0229,0.0076,0.0624,0.0,9.3421,0.0,0.0,745.0,25.75,2.1492,50.0
2000-07-13 11:30:00,0.206,0.005,0.5676,0.0042,0.0135,0.0,8.8262,0.0,0.0082,728.0,25.75,6.8334,39.5
2000-07-13 11:54:00,0.0015,0.0008,0.6699,0.0107,0.0135,0.0,8.3305,0.0,0.0,723.0,26.92,-6.3033,29.0
2000-07-13 12:06:00,0.0065,0.0042,0.0294,0.0099,0.0253,0.0,8.4721,0.0,0.0879,709.0,26.92,-12.2166,29.0
2000-07-13 12:30:00,0.013,0.0088,0.2441,0.005,0.0,0.0,8.8751,0.0,0.1429,721.0,14.67,-4.2564,27.5
2000-07-13 12:54:00,0.0061,0.0118,0.0614,0.0046,0.0253,0.0,8.9442,0.0,0.0986,682.0,14.67,-5.5024,26.0
2000-07-13 13:31:00,0.0137,0.0023,0.0324,0.016,0.0135,0.0,8.3356,0.0,0.0986,670.0,12.07,-6.5186,9.0
2000-07-13 13:54:00,0.0103,0.0023,0.0088,0.0095,0.0135,0.0,8.3322,0.0,0.1871,669.0,11.55,3.8994,-8.0
2000-07-13 14:06:00,0.0042,0.0031,0.0069,0.0065,0.0135,0.0,8.2445,0.0,0.1998,664.0,11.55,-1.7981,-8.0
2000-07-13 14:30:00,0.0149,0.0042,0.016,0.0038,0.0,0.0,7.845,0.0,0.0992,659.0,12.02,-8.5328,-9.0
2000-07-13 14:54:00,0.008,0.005,0.0103,0.0034,0.0,0.0,7.8382,0.0,0.0436,672.0,12.02,-3.7584,-10.0
2000-07-13 15:06:00,0.0065,0.0038,0.0137,0.005,0.0,0.0,8.1029,0.0,0.0676,672.0,10.65,-3.7584,-10.0
2000-07-13 15:30:00,0.0057,0.0076,0.0065,0.0065,0.0,0.0,8.2783,0.0,0.33,669.0,10.65,6.2138,-11.0
2000-07-13 15:54:00,0.0004,0.0137,0.0168,0.0072,0.0,0.0,7.7809,0.0,0.5323,681.0,9.48,6.8481,-12.0
2000-07-13 16:06:00,0.0031,0.0084,0.0057,0.0038,0.0,0.0,8.0793,0.0,1.1568,681.0,9.48,6.8481,-12.0
2000-07-13 16:30:00,0.0023,0.0027,0.0057,0.0111,0.0,0.0,7.6376,0.0,1.263,681.0,8.35,5.2073,-10.5
2000-07-13 16:54:00,0.0046,0.008,0.0076,0.0061,0.0,0.0,7.9444,0.0,1.1265,680.0,8.35,8.2513,-9.0
2000-07-13 17:06:00,0.008,0.0057,0.005,0.0061,0.0,0.0,7.3746,0.0,1.105,668.0,7.38,5.5126,-9.0
2000-07-13 17:30:00,0.0023,0.0038,0.008,0.0057,0.0,0.0,7.5887,0.0,0.8976,664.0,7.38,4.6383,-8.5
2000-07-13 17:54:00,0.0004,0.005,0.0084,0.0057,0.0,0.0,7.8719,0.0,0.7535,646.0,7.68,2.2891,-8.0
2000-07-13 18:06:00,0.005,0.0034,0.0027,0.0072,0.0,0.0,7.6966,0.0,1.0481,646.0,7.68,2.2891,-8.0
2000-07-13 18:30:00,0.0061,0.0023,0.0149,0.0061,0.0,0.0,8.0237,0.0,0.469,645.0,7.04,0.699,-11.5
2000-07-13 18:54:00,0.005,0.0061,0.0141,0.005,0.0,0.0,7.7977,0.0,0.4577,640.0,7.04,1.9226,-15.0
2000-07-13 19:31:00,0.0088,0.0023,0.0225,0.0034,0.0,0.0,0.0,0.0,0.0,645.0,6.49,1.0468,-20.0
2000-07-13 19:54:00,0.0172,0.0046,0.0092,0.0046,0.0,0.0,7.1706,0.0,0.2756,636.0,4.78,0.9936,-25.0
2000-07-13 20:06:00,0.0092,0.008,0.0107,0.005,0.0,0.0,7.8888,0.0,0.3426,636.0,4.78,0.9936,-25.0
2000-07-13 20:30:00,0.0099,0.0061,0.0248,0.005,0.0,0.0,7.0981,0.0,0.5266,632.0,4.13,-3.0402,-31.5
2000-07-13 21:30:00,0.0042,0.4169,0.0099,1.2783,0.0,0.0,6.9413,0.0,0.495,628.0,3.36,-1.6531,-40.5
2000-07-13 21:54:00,0.0244,0.0141,0.0092,0.0004,0.0,0.0,6.8418,0.0,0.5278,629.0,2.93,-1.721,-43.0
2000-07-13 22:06:00,0.0072,0.0042,0.0149,0.0019,0.0,0.0,6.4844,0.0,0.4804,629.0,2.93,-1.9031,-43.0
2000-07-13 22:30:00,0.0202,0.0034,0.0069,0.0042,0.0,0.0,6.309,0.0,0.3211,645.0,3.13,-1.4341,-42.0
2000-07-13 23:06:00,0.0095,0.0034,0.0095,0.005,0.0,0.0,6.6125,0.0,0.3888,644.0,3.08,-1.6597,-41.0
2000-07-13 23:30:00,0.016,0.0057,0.0069,0.0023,0.0,0.0,6.4051,0.0476,0.1833,616.0,3.08,-1.7715,-39.0
2000-07-13 23:54:00,0.0122,0.0248,0.0099,0.005,0.0,0.0,6.4894,0.0476,0.1271,615.0,3.44,-2.8663,-37.0
2000-07-14 00:06:00,0.0317,0.008,0.0099,0.0011,0.0,0.0,6.1354,0.0,0.0885,627.0,3.44,-0.2976,-37.0
2000-07-14 00:30:00,0.0191,0.0027,0.0095,0.0153,0.0,0.0,6.073,0.0,0.0778,629.0,3.77,-0.2735,-33.5
2000-07-14 00:54:00,0.0195,0.0027,0.0134,0.005,0.0,0.0,5.8892,0.0,0.0082,628.0,3.77,-0.1092,-30.0
2000-07-14 01:31:00,0.0134,0.0164,0.0031,0.0031,0.0,0.0,5.2081,0.0,0.0,636.0,3.67,0.694,-25.5
2000-07-14 01:54:00,0.0042,0.0183,0.0175,0.0019,0.0,0.0,5.5807,0.0,0.0778,634.0,3.44,1.6792,-21.0
2000-07-14 02:06:00,0.0061,0.0076,0.0099,0.0008,0.0,0.0,6.1269,0.0,0.0,634.0,3.44,1.6792,-21.0
2000-07-14 02:30:00,0.3044,0.0034,0.0084,0.0061,0.0,0.0,6.4456,0.0,0.0,645.0,3.33,1.1152,-17.0
2000-07-14 02:54:00,0.3407,0.0019,0.1633,0.0011,0.0,0.0,7.1908,0.0,0.0,638.0,3.33,-0.2829,-13.0
2000-07-14 03:06:00,0.1205,0.0034,0.1068,0.0015,0.0,0.0,6.8856,0.0,0.0,625.0,3.12,0.4282,-13.0
2000-07-14 03:30:00,0.4288,0.0034,0.0851,0.0046,0.0,0.0,6.7811,0.0,0.0,619.0,3.12,1.4653,-14.0
2000-07-14 03:54:00,0.354,0.0023,0.0568,0.0015,0.0,0.0,6.3191,0.1715,0.067,639.0,2.89,0.5361,-15.0
2000-07-14 04:06:00,0.0626,0.0034,0.0107,0.0046,0.0,0.0,6.2669,0.4959,0.196,639.0,2.89,0.5361,-15.0
2000-07-14 04:30:00,0.0549,0.0057,0.0084,0.0145,0.0,0.0,6.0578,0.6746,0.1745,601.0,2.99,-0.6642,-18.0
2000-07-14 04:54:00,0.0504,0.0072,0.0126,0.0019,0.0,0.0,6.0578,0.6631,0.2908,590.0,2.99,-3.399,-21.0
2000-07-14 05:06:00,0.0214,0.0061,0.0061,0.0008,0.0,0.0,5.6734,0.3719,0.1858,587.0,2.94,-3.0225,-21.0
2000-07-14 05:30:00,0.0134,0.0164,0.0603,0.0057,0.0,0.0,5.7341,0.7092,0.4362,598.0,2.94,1.8178,-20.5
2000-07-14 05:54:00,0.0118,0.0046,0.0256,0.016,0.0,0.0,5.2704,0.7035,0.3843,575.0,2.9,1.3058,-20.0
2000-07-14 06:06:00,0.0103,0.005,0.0076,0.0008,0.0,0.0,5.4323,0.7208,0.5348,575.0,2.9,1.3058,-20.0
2000-07-14 06:30:00,0.0107,0.0019,0.0092,0.008,0.0,0.0,5.2687,0.2883,0.2737,604.0,2.89,-1.5583,-22.0
2000-07-14 06:54:00,0.0198,0.0126,0.0141,0.0008,0.0,0.0,5.2789,0.2018,0.39,591.0,2.89,-0.1462,-24.0
2000-07-14 07:31:00,0.0134,0.0107,0.0198,0.0053,0.0,0.0,5.0681,0.1932,0.586,611.0,3.2,1.069,-21.0
2000-07-14 07:54:00,0.0103,0.0019,0.0195,0.0084,0.0,0.0,5.0765,0.2105,0.4513,627.0,3.14,1.3415,-18.0
2000-07-14 08:06:00,0.0046,0.0061,0.0515,0.0088,0.0,0.0,5.0765,0.2105,0.4513,590.0,3.14,-2.3632,-18.0
2000-07-14 08:30:00,0.013,0.0069,0.0061,0.0053,0.0,0.0,5.0243,0.0894,0.6859,613.0,3.35,-0.8254,-18.0
2000-07-14 08:54:00,0.0103,0.0042,0.0118,0.0057,0.0,0.0461,4.8793,0.0303,0.7718,610.0,3.35,0.2279,-18.0
2000-07-14 09:06:00,0.0072,0.0088,0.0072,0.0042,0.0,0.0923,5.1878,0.0778,0.8686,610.0,3.5,0.2279,-18.0
2000-07-14 09:30:00,0.0076,0.0034,0.0038,0.0011,0.0,0.0692,4.8641,0.0,0.5809,638.0,3.5,-1.3775,-18.0
2000-07-14 09:54:00,0.024,0.0084,0.013,0.0034,0.0,0.0692,4.6331,0.0,0.4962,666.0,3.58,-1.3564,-18.0
2000-07-14 10:06:00,0.0,0.0,0.0008,0.0,0.0,0.0923,4.822,0.0,0.6758,663.0,3.58,-4.2405,-18.0
2000-07-14 10:30:00,2.4002,4.512,7.3185,3.6842,0.8885,0.4353,3.0247,0.0187,0.0,668.0,3.37,-1.7466,-18.0
2000-07-14 10:54:00,3.9894,6.1588,1.738,8.9931,1.7551,0.4353,3.7632,0.2206,0.0,648.0,3.37,-4.6453,-18.0
2000-07-14 11:06:00,9.9087,5.27,9.6138,6.3599,2.0485,0.1687,6.4203,0.0,0.0,648.0,2.83,-4.6453,-18.0
2000-07-14 11:30:00,20.9267,15.0135,25.9304,13.8783,2.0485,0.1687,6.4203,0.0,0.0,663.0,2.83,-3.0077,-21.0
2000-07-14 11:55:00,23.8194,19.8322,28.5858,19.3569,0.0354,0.0,3.0365,0.0,0.0,645.0,3.16,-0.9048,-24.0
2000-07-14 13:10:00,32.0927,27.0718,34.7229,24.7875,0.0,0.0,0.0,0.0,0.0,604.0,2.79,1.9789,-28.0
2000-07-14 14:49:00,33.503,34.3079,32.653,30.1178,0.1281,0.0,2.8746,0.0,0.0,738.0,7.52,1.2214,-20.0
2000-07-14 15:39:00,35.6487,33.5831,30.5885,34.8595,0.0,0.0,0.0,0.0,0.0,768.0,8.37,-9.0193,-14.0
2000-07-14 16:24:00,22.4407,23.1739,19.6495,24.382,0.3912,0.0,2.3098,0.0,0.0,780.0,14.6,1.8995,-9.0
2000-07-14 16:44:00,21.4016,24.765,17.3691,25.3418,0.3912,0.0,2.3098,0.0,0.0,768.0,14.6,-7.1996,-9.0
2000-07-14 17:24:00,26.4973,27.4719,22.3343,28.9471,0.4013,0.0,2.1412,0.0,0.0,784.0,17.88,-10.377,-6.0
2000-07-14 18:08:00,25.938,29.5403,21.6381,29.5414,0.0573,0.0,2.239,0.0,0.0,762.0,17.88,-2.619,-2.0
2000-07-14 18:28:00,23.0728,24.1516,18.9796,26.0544,0.0202,0.0,2.6959,0.0,0.0,765.0,18.42,-4.5098,-0.5
2000-07-14 19:07:00,23.1991,25.7557,19.5831,25.8511,0.3305,0.0173,2.1513,0.0,0.0,765.0,12.91,-2.322,1.0
2000-07-14 19:51:00,25.0359,26.2192,21.122,27.0103,0.1871,0.0418,1.6624,0.0,0.0,748.0,8.15,-0.284,2.0
2000-07-14 20:11:00,25.9045,28.1017,22.1378,28.5824,0.0708,0.0,2.3958,0.0,0.0,774.0,8.15,1.7817,2.0
2000-07-14 20:50:00,24.543,26.992,20.2145,27.8381,0.322,0.0,2.9033,0.0,0.0,774.0,11.07,3.5506,-15.0
2000-07-14 21:34:00,21.6103,23.1625,18.3315,23.7038,0.1619,0.0,2.5408,0.0,0.0,774.0,11.07,-0.4658,-20.0
2000-07-14 22:01:00,24.3889,22.3663,20.2927,22.7837,0.1619,0.0,2.5408,0.0,0.0,793.0,8.94,1.015,-25.0
2000-07-14 22:51:00,28.3062,30.489,25.1663,31.0509,0.2175,0.0187,3.2557,0.0,0.0,803.0,6.68,3.0528,-24.0
2000-07-14 23:06:00,24.4053,30.9238,22.3129,31.2,0.1281,0.0187,2.3739,0.0,0.0,788.0,5.32,3.4259,-24.0
2000-07-14 23:32:00,23.5958,24.3965,20.4952,24.9344,0.0,0.0173,2.2323,0.0,0.0082,788.0,5.32,3.4414,-26.5
2000-07-15 00:12:00,23.716,25.423,20.7092,25.7565,0.3035,0.0,1.9692,0.0,0.0,788.0,5.32,2.5996,-29.0
2000-07-15 00:31:00,24.1585,25.0057,21.2147,24.6834,0.1231,0.0187,2.1378,0.0,0.0,788.0,5.67,2.2015,-31.5
2000-07-15 01:09:00,28.8353,29.7184,25.8705,30.3879,0.3355,0.0375,1.7855,0.0,0.0,794.0,5.67,2.8158,-34.0
2000-07-15 01:52:00,27.2526,28.6636,23.9525,29.2286,0.7064,0.0,2.0384,0.0,0.0,770.0,5.67,2.4749,-26.0
2000-07-15 02:59:00,27.3285,29.9725,23.0949,31.0833,0.4788,0.036,1.8124,0.0,0.0,726.0,6.04,0.2181,-26.0
2000-07-15 03:41:00,29.1302,35.445,24.5605,38.1989,0.1737,0.0,2.2525,0.0,0.0929,728.0,6.37,1.662,-29.5
2000-07-15 04:42:00,10.0048,15.6368,8.3164,16.8228,0.4636,0.0,1.8074,0.0,0.0,776.0,3.91,3.1076,-31.0
2000-07-15 06:15:00,14.4871,18.158,11.8591,22.0436,0.5058,0.0,1.224,0.0,0.0,770.0,5.46,3.7938,-18.0
2000-07-15 07:16:00,23.8964,28.0899,20.3453,31.266,0.6322,0.0,1.2156,0.0,0.0,723.0,3.44,-3.142,-20.5
2000-07-15 08:21:00,16.7599,18.4292,15.1413,15.8989,0.8818,0.0,1.6169,0.0,0.4937,561.0,6.74,-3.5994,-27.5
2000-07-15 08:58:00,27.6379,30.5103,25.5997,30.6942,0.8497,0.0,1.5444,0.0,0.0,673.0,6.74,-2.507,-33.0
2000-07-15 09:18:00,28.1765,31.3404,24.6319,31.7589,0.8582,0.0,1.2325,0.0,0.0,673.0,6.81,-2.507,-36.0
2000-07-15 09:58:00,23.2838,29.8172,19.4859,32.1159,0.317,0.0,1.6911,0.0,0.0,671.0,7.56,-3.7198,-39.0
2000-07-15 10:43:00,12.9276,18.8774,10.8402,19.4538,0.8717,0.0,1.337,0.0,0.0,659.0,9.13,-3.3524,-41.5
2000-07-15 11:52:00,21.3181,30.2361,17.7021,32.2826,0.5901,0.0,1.423,0.0,0.3963,564.0,5.42,-4.3202,-42.0
2000-07-15 13:02:00,8.0471,13.2381,6.5582,14.3188,0.7115,0.0,1.1583,0.0,0.0436,659.0,6.94,-4.3909,-50.0
2000-07-15 13:44:00,22.9565,28.9639,19.0033,30.5622,0.295,0.0,1.4213,0.0,0.11,601.0,16.68,-2.8683,-53.5
2000-07-15 14:53:00,9.1988,12.093,7.8381,12.7773,0.0,0.0,1.1903,0.0,0.091,832.0,20.61,18.3812,-24.0
2000-07-15 15:31:00,15.1981,13.0169,14.2548,12.2211,0.0742,0.0,0.8851,0.0,1.1359,863.0,3.33,-14.5035,-8.5
2000-07-15 16:06:00,16.2926,14.452,17.3851,12.7346,0.0,0.0,0.6761,0.0,2.8516,840.0,2.88,5.8562,7.0
2000-07-15 16:51:00,15.2317,12.1017,15.8787,11.0489,0.0,0.0,0.6896,0.0,1.3724,976.0,4.49,3.1721,-37.0
2000-07-15 17:22:00,13.9423,11.4853,15.4335,9.4631,0.0489,0.0,0.5446,0.0,1.5418,969.0,9.6,5.2137,-41.5
2000-07-15 17:37:00,18.4792,15.5483,20.5872,14.2677,0.0,0.0,0.2175,0.0,1.9634,969.0,9.6,5.2137,-41.5
2000-07-15 18:06:00,15.7001,12.8082,17.0143,10.5946,0.0,0.0,0.2091,0.0,3.7321,976.0,17.66,-7.2871,-46.0
2000-07-15 18:38:00,10.2077,7.8907,12.1822,6.8954,0.0,0.0,0.5294,0.0,4.1594,974.0,47.62,13.8699,-44.5
2000-07-15 18:51:00,9.5181,7.6534,11.0012,6.3858,0.0,0.0,0.5294,0.0,4.1594,974.0,47.62,13.8699,-43.0
2000-07-15 19:16:00,4.9892,3.7621,6.5884,3.6373,0.0,0.0,0.5513,0.0,2.6796,1003.0,12.47,-23.1031,-52.0
2000-07-15 19:43:00,2.2522,1.7868,2.322,1.4492,0.0,0.0,0.5277,0.0,3.4489,1006.0,7.17,-43.4518,-52.0
2000-07-15 20:20:00,2.0103,1.4172,2.3724,1.3313,0.0,0.0,0.6575,0.0,4.1765,1002.0,7.17,-44.3453,-129.5
2000-07-15 20:45:00,4.0981,3.138,4.9164,2.6531,0.0,0.0,0.7638,0.0,3.301,1005.0,9.77,-33.7269,-129.5
2000-07-15 20:56:00,1.8417,1.3844,1.9661,1.2051,0.0,0.0,0.6036,0.0,2.9843,1005.0,9.77,-33.7269,-198.0
2000-07-15 21:18:00,2.142,1.7311,2.4006,1.4122,0.0,0.0,0.6036,0.0,3.289,973.0,2.02,-23.3581,-243.5
2000-07-15 21:41:00,2.6669,2.1465,3.1052,1.6586,0.0,0.0,0.5699,0.0,2.7466,982.0,1.04,-14.0924,-243.5
2000-07-15 21:53:00,2.5238,2.0401,3.3665,1.6895,0.0,0.0,0.8514,0.0,2.8377,976.0,1.04,-15.4946,-289.0
2000-07-15 22:15:00,0.0095,0.9262,0.0053,0.7908,0.0,0.0,0.6913,0.0,2.5285,976.0,1.04,-15.4946,-289.0
2000-07-15 23:06:00,1.4828,0.9281,2.0485,1.1639,0.0,0.0,0.9054,0.0,3.356,998.0,6.78,-7.2816,-281.0
2000-07-15 23:30:00,1.556,1.0155,1.7262,0.9735,0.0,0.0,0.8851,0.0,2.9527,1006.0,6.78,-10.5964,-281.0
2000-07-16 00:06:00,1.4519,1.1185,2.2488,0.9026,0.0,0.0,0.9121,0.0,3.2049,1006.0,13.15,-5.5222,-281.0
2000-07-16 00:30:00,1.5236,1.0681,2.1015,1.0628,0.0,0.0,0.6103,0.0,3.1436,1006.0,6.49,-0.3309,-291.0
2000-07-16 00:54:00,1.4538,1.1375,2.0107,1.2463,0.0,0.0,0.9121,0.0,3.5968,1006.0,6.49,6.1369,-301.0
2000-07-16 01:31:00,1.3859,1.4267,1.5671,1.0494,0.0,0.0,0.9998,0.0,3.6468,1006.0,6.03,11.5893,-301.0
2000-07-16 01:55:00,1.4313,1.1787,1.564,0.8808,0.0,0.0,0.9998,0.0,3.4167,1006.0,7.04,12.64,-301.0
2000-07-16 02:06:00,1.5743,1.0605,1.6796,0.8858,0.0,0.0,1.0537,0.0,3.6455,1006.0,7.04,23.6704,-301.0
2000-07-16 02:30:00,1.0174,0.8411,1.0647,0.4768,0.0,0.0,1.0268,0.0,3.99,1005.0,5.91,20.5793,-290.0
2000-07-16 03:30:00,0.9792,0.6992,1.2169,0.6329,0.0,0.0,1.0537,0.0,3.435,1006.0,5.38,14.9613,-269.5
2000-07-16 03:54:00,0.7179,0.5692,1.012,0.6054,0.0,0.0,1.1144,0.0,3.7536,1006.0,8.06,17.112,-260.0
2000-07-16 04:06:00,0.7011,0.5817,0.993,0.5157,0.0,0.0,1.0268,0.0,3.3573,1006.0,8.06,17.112,-260.0
2000-07-16 04:30:00,0.9014,0.724,1.0834,0.5413,0.0,0.0,1.0268,0.0,2.954,998.0,2.33,20.4182,-246.5
2000-07-16 05:30:00,0.8926,0.6302,1.7857,0.4753,0.0,0.0,0.9661,0.0,3.3396,994.0,2.31,25.0045,-221.0
2000-07-16 05:54:00,0.8984,0.5604,0.9869,0.3994,0.0,0.0,1.0807,0.0,1.8623,944.0,5.7,25.4443,-209.0
2000-07-16 06:06:00,0.7076,0.6489,1.0708,0.4673,0.0,0.0,1.0807,0.0,2.1455,944.0,5.7,25.4443,-209.0
2000-07-16 06:30:00,0.8114,0.6557,0.8892,0.4223,0.0,0.0,1.0807,0.0,2.7365,955.0,9.59,25.313,-203.0
2000-07-16 06:54:00,0.7278,0.5604,1.0017,0.4215,0.0,0.0,1.0807,0.0,2.2068,770.0,9.59,25.4149,-197.0
2000-07-16 07:31:00,0.6771,0.5898,0.8293,0.3395,0.0,0.0,1.1077,0.0,2.4261,937.0,3.65,22.9954,-188.0
2000-07-16 07:54:00,0.602,0.5898,0.7687,0.5291,0.0,0.0,1.1347,0.0,2.2156,760.0,4.12,21.3664,-179.0
2000-07-16 08:06:00,0.6588,0.5531,0.8541,0.5211,0.0,0.0,1.2426,0.0,2.617,760.0,4.12,21.3664,-179.0
2000-07-16 08:30:00,0.5703,0.5039,0.695,0.3265,0.0,0.0,1.3269,0.0,2.5323,762.0,2.04,22.0686,-177.0
2000-07-16 08:54:00,0.6268,0.6077,0.774,0.3429,0.0,0.0,1.2729,0.0,2.8136,744.0,2.04,21.8989,-175.0
2000-07-16 09:06:00,0.6477,0.523,0.7164,0.3819,0.0,0.0,1.2999,0.0,2.7435,744.0,2.44,21.8989,-175.0
2000-07-16 09:30:00,0.5367,0.436,0.7881,0.2911,0.0,0.0,1.2999,0.0,2.3225,810.0,2.44,22.5579,-170.5
2000-07-16 09:54:00,0.6699,0.4936,0.7561,0.4696,0.0,0.0,1.3572,0.0,2.423,838.0,1.25,22.8711,-166.0
2000-07-16 10:34:00,1.2512,0.9048,1.2901,0.7492,0.0,0.0,1.192,0.0,1.8667,784.0,6.25,19.7344,-161.5
2000-07-16 10:57:00,0.9487,0.7423,1.4645,0.5161,0.0,0.0,1.2729,0.0,2.3313,766.0,6.25,19.6005,-157.0
2000-07-16 11:08:00,0.8678,0.6351,1.0433,0.462,0.0,0.0,1.2156,0.0,2.2416,766.0,3.73,19.6005,-157.0
2000-07-16 11:30:00,1.4,0.9132,2.9675,0.679,0.0,0.0,1.3926,0.0,2.6607,756.0,3.73,18.3294,-153.0
2000-07-16 11:54:00,1.5156,0.8732,3.582,0.6016,0.0,0.0,1.074,0.0,2.184,770.0,4.63,17.7491,-149.0
2000-07-16 12:06:00,1.033,0.7565,1.3943,0.6104,0.0,0.0,1.2443,0.0,2.6562,780.0,4.63,17.0889,-149.0
2000-07-16 12:30:00,0.9045,0.6344,1.1864,0.5688,0.0,0.0,1.3589,0.0,2.6278,779.0,7.27,16.2675,-146.0
2000-07-16 12:54:00,0.8926,0.6275,1.1173,0.5112,0.0,0.0,1.3387,0.0,2.758,765.0,7.27,12.9218,-143.0
2000-07-16 13:31:00,1.0818,0.6924,1.1425,0.5814,0.0,0.0,1.5376,0.0,3.2814,773.0,3.6,13.1325,-139.5
2000-07-16 13:54:00,1.086,0.7114,1.2856,0.4875,0.0,0.0,1.3825,0.0,2.4679,990.0,2.48,12.4064,-136.0
2000-07-16 14:06:00,0.9121,0.8263,1.1524,0.4993,0.0,0.0,1.2105,0.0,1.8983,990.0,2.48,12.4064,-136.0
2000-07-16 14:30:00,0.9926,0.761,1.1459,0.518,0.0,0.0,1.4837,0.0,2.141,798.0,2.03,10.4672,-137.0
2000-07-16 14:54:00,0.7866,0.5722,0.8747,0.4303,0.0,0.0,1.396,0.0,2.0304,799.0,2.03,10.1374,-138.0
2000-07-16 15:06:00,0.7965,0.6729,0.9457,0.4662,0.0,0.0,1.3623,0.0,1.8882,851.0,1.79,9.2324,-138.0
2000-07-16 15:30:00,0.9235,0.7214,1.1005,0.5714,0.0,0.0,1.5005,0.0,2.3003,792.0,1.79,8.8995,-138.0
2000-07-16 15:54:00,1.0155,0.7889,1.2314,0.536,0.0,0.0,1.423,0.0,1.4514,751.0,1.73,8.4317,-138.0
2000-07-16 16:06:00,0.8041,0.7797,1.1253,0.6786,0.0,0.0,1.3353,0.0,2.282,751.0,1.73,8.4317,-138.0
2000-07-16 16:30:00,0.8472,0.7347,1.0502,0.5096,0.0,0.0,1.3522,0.0,2.5987,737.0,1.42,8.2252,-135.0
2000-07-16 16:54:00,0.9552,0.737,1.1299,0.5363,0.0,0.0,1.3589,0.0,2.4173,812.0,1.42,7.4739,-132.0
2000-07-16 17:06:00,0.8938,0.8678,0.9602,0.5157,0.0,0.0,1.278,0.0,1.9697,780.0,1.28,6.8461,-132.0
2000-07-16 17:30:00,0.8713,0.6634,1.0059,0.5421,0.0,0.0,1.4162,0.0,2.3098,788.0,1.28,6.5582,-129.0
2000-07-16 17:54:00,0.8224,0.6069,1.0246,0.444,0.0,0.0,1.5241,0.0,2.4653,801.0,0.86,6.2836,-126.0
2000-07-16 18:06:00,0.6451,0.6386,0.9762,0.4826,0.0,0.0,1.5292,0.0,2.2611,801.0,0.86,6.2836,-126.0
2000-07-16 18:30:00,0.7553,0.6393,0.9048,0.4639,0.0,0.0,1.6894,0.0,1.9211,796.0,1.03,5.6328,-125.5
2000-07-16 18:54:00,0.1385,0.6306,0.0702,0.4524,0.0219,0.0,1.4989,0.0,1.8477,772.0,1.03,5.6054,-125.0
2000-07-16 19:31:00,0.6237,0.5245,0.7435,0.4433,0.0219,0.0,1.6708,0.0,2.4021,801.0,1.34,4.9927,-124.5
2000-07-16 19:54:00,0.5802,0.4604,0.7206,0.3918,0.0,0.0,1.4196,0.0,2.112,818.0,1.2,4.1688,-124.0
2000-07-16 20:06:00,0.5272,0.5241,0.7298,0.3845,0.0219,0.0,1.4466,0.0,2.3496,822.0,1.2,3.5659,-124.0
2000-07-16 20:30:00,0.523,0.5051,0.9712,0.3788,0.0,0.0,1.251,0.0,1.8168,820.0,1.32,3.1466,-122.5
2000-07-16 21:30:00,0.4585,0.3319,0.9735,0.2419,0.0,0.0,1.278,0.0,1.7365,801.0,1.61,4.4506,-119.0
2000-07-16 21:54:00,0.5436,0.378,0.5894,0.4398,0.0219,0.0,1.278,0.0,2.569,804.0,1.51,3.886,-117.0
2000-07-16 22:06:00,0.5096,0.4322,0.6096,0.293,0.0219,0.0,1.278,0.0,2.569,804.0,1.51,4.1638,-117.0
2000-07-16 22:30:00,0.5096,0.4696,0.6462,0.2903,0.0219,0.0,1.2443,0.0,1.7567,814.0,0.95,3.8069,-117.0
2000-07-16 23:06:00,0.4616,0.4166,0.5699,0.2327,0.0,0.0,1.0622,0.0,1.7889,783.0,1.08,3.7554,-117.0
2000-07-16 23:30:00,0.4253,0.4055,0.5375,0.2636,0.0,0.0,1.0352,0.0,1.8939,791.0,1.08,3.3577,-117.0
2000-07-16 23:54:00,0.4505,0.4398,0.4864,0.2682,0.0219,0.0,1.1229,0.0,2.0943,771.0,1.76,1.9508,-117.0
2000-07-17 00:06:00,0.4482,0.3288,0.563,0.2316,0.0219,0.0,1.1229,0.0,2.0943,771.0,1.76,1.9508,-117.0
2000-07-17 00:30:00,0.3906,0.2945,0.5119,0.2468,0.0219,0.0,1.1229,0.0,2.3579,774.0,1.74,2.9109,-115.5
2000-07-17 00:54:00,0.3155,0.2663,0.4436,0.2125,0.0,0.0,1.2325,0.0,2.3724,760.0,1.74,1.8654,-114.0
2000-07-17 01:32:00,0.3887,0.3429,0.7812,0.2308,0.0,0.0,0.9728,0.0,2.0513,800.0,1.37,0.0282,-113.0
2000-07-17 01:54:00,0.4269,0.338,0.6153,0.227,0.0,0.0,0.9121,0.0,1.9925,800.0,1.23,1.103,-112.0
2000-07-17 02:06:00,0.4272,0.351,0.4097,0.2014,0.0,0.0,0.9728,0.0,2.2877,800.0,1.23,1.103,-112.0
2000-07-17 02:30:00,0.3136,0.2407,0.4311,0.1534,0.0,0.0,0.8245,0.0,1.813,812.0,1.34,3.6778,-109.5
2000-07-17 02:54:00,0.3399,0.2968,0.3914,0.1919,0.0,0.0,0.7165,0.0,1.6511,790.0,1.34,3.0186,-107.0
2000-07-17 03:06:00,0.3906,0.2605,0.3475,0.2037,0.0,0.0,0.7772,0.0,1.5551,701.0,1.41,2.2508,-107.0
2000-07-17 03:30:00,0.3078,0.2182,0.4761,0.1652,0.0219,0.0,0.8851,0.0,1.3743,793.0,1.41,1.379,-104.0
2000-07-17 03:54:00,0.2911,0.2811,0.3891,0.1343,0.0219,0.0,0.9391,0.0,2.0077,782.0,1.1,2.9063,-101.0
2000-07-17 04:06:00,0.37,0.2747,0.4112,0.2148,0.0219,0.0,0.9391,0.0,2.0077,782.0,1.1,2.9063,-101.0
2000-07-17 04:30:00,0.3548,0.2254,0.3632,0.1892,0.0219,0.0,0.8042,0.0,1.7169,797.0,1.09,2.8171,-97.5
2000-07-17 04:54:00,0.2972,0.2422,0.4028,0.2205,0.0438,0.0,0.9728,0.0,1.8003,781.0,1.09,2.9909,-94.0
2000-07-17 05:06:00,0.2342,0.2304,0.3349,0.2159,0.0877,0.0,0.811,0.0,1.6056,781.0,1.03,2.9909,-94.0
2000-07-17 05:30:00,0.2647,0.2113,0.3372,0.1652,0.0219,0.0,0.7233,0.0,0.9823,758.0,1.03,2.913,-90.5
2000-07-17 05:54:00,0.2739,0.2571,0.3094,0.1709,0.1939,0.0,0.8379,0.0,1.3844,732.0,1.57,2.9186,-87.0
2000-07-17 06:06:00,0.2811,0.2815,0.3361,0.2445,0.0776,0.0,0.7503,0.0,0.9925,735.0,1.57,2.9622,-87.0
2000-07-17 06:30:00,0.2586,0.2464,0.4025,0.1434,0.0658,0.0,0.7503,0.0,0.799,662.0,1.53,2.5813,-84.0
2000-07-17 06:54:00,0.3002,0.219,0.2953,0.1469,0.1383,0.0,0.8582,0.0,1.2238,783.0,1.53,3.1694,-81.0
2000-07-17 07:31:00,0.3181,0.2697,0.2869,0.1328,0.2276,0.0,0.8851,0.0,1.0563,715.0,2.42,3.0903,-78.5
2000-07-17 07:54:00,0.2735,0.209,0.3517,0.1411,0.1939,0.0,0.7772,0.0,1.1328,718.0,2.03,4.1654,-76.0
2000-07-17 08:06:00,0.2922,0.2205,0.3853,0.1343,0.1939,0.0,0.7199,0.0,0.8294,706.0,2.03,3.7838,-76.0
2000-07-17 08:30:00,0.1801,0.1751,0.3075,0.1392,0.0438,0.0,0.6896,0.0,0.9052,700.0,2.17,-0.1401,-72.0
2000-07-17 08:54:00,0.2705,0.2296,0.8564,0.2022,0.177,0.0,1.0268,0.0,1.0474,698.0,2.17,2.3354,-68.0
2000-07-17 09:06:00,1.194,0.1423,1.5728,0.1148,0.2057,0.0,0.8379,0.0,0.8736,698.0,2.24,2.3354,-68.0
2000-07-17 09:30:00,3.4229,0.2857,5.4497,0.1038,0.2714,0.0,0.8346,0.0,0.684,734.0,2.24,3.9872,-69.5
2000-07-17 09:54:00,4.2007,0.5524,4.3221,0.0984,0.2714,0.0,0.8076,0.0,0.2902,738.0,2.3,3.1778,-71.0
2000-07-17 10:06:00,3.7117,0.246,1.8112,0.0824,0.3052,0.0,0.8346,0.0,0.3319,738.0,2.3,3.1778,-71.0
2000-07-17 10:30:00,3.8704,0.3281,2.4361,0.111,0.3271,0.0,0.8919,0.0,0.4267,730.0,2.25,4.5366,-70.5
2000-07-17 10:54:00,1.5579,0.2625,0.4189,0.0824,0.3928,0.0,0.8582,0.0,0.7826,659.0,2.25,4.8116,-70.0
2000-07-17 11:06:00,0.3265,0.1472,0.185,0.1041,0.3321,0.0,0.7772,0.0,0.2674,712.0,2.05,4.0846,-70.0
2000-07-17 11:30:00,0.2434,0.1816,0.211,0.106,0.3321,0.0,0.8312,0.0,0.2257,702.0,2.05,1.9138,-69.5
2000-07-17 11:54:00,0.1495,0.1583,0.2548,0.1762,0.3321,0.0,0.7469,0.0,0.0664,713.0,1.99,2.0127,-69.0
2000-07-17 12:06:00,0.1495,0.1575,0.2068,0.1324,0.3052,0.0,0.666,0.0,0.0335,713.0,1.99,2.0127,-69.0
2000-07-17 12:30:00,0.1472,0.1514,0.1862,0.0698,0.3541,0.0,0.8042,0.0,0.2042,654.0,1.87,3.1011,-69.0
2000-07-17 12:54:00,0.1606,0.1495,0.1503,0.1316,0.3321,0.0,0.7536,0.0,0.1523,662.0,1.87,2.0174,-69.0
2000-07-17 13:31:00,0.1579,0.1251,0.206,0.1259,0.3591,0.0,0.7165,0.0,1.598,673.0,1.99,3.2537,-69.0
2000-07-17 13:54:00,0.1617,0.1209,0.2197,0.0961,0.44,0.0,0.7975,0.0,2.9609,661.0,2.03,3.5196,-69.0
2000-07-17 14:06:00,0.1308,0.1457,0.2235,0.1389,0.4013,0.0,0.7435,0.0,3.1227,661.0,2.03,3.5196,-69.0
2000-07-17 14:30:00,0.1389,0.1102,0.2266,0.0954,0.435,0.0,0.7199,0.0,2.5304,640.0,1.96,3.5587,-69.0
2000-07-17 14:54:00,0.2003,0.1617,0.2163,0.116,0.3321,0.0,0.8278,0.0,1.9097,637.0,1.96,3.4928,-69.0
2000-07-17 15:06:00,0.1675,0.1362,0.156,0.0874,0.3321,0.0,0.7739,0.0,1.7542,637.0,2.04,3.4928,-69.0
2000-07-17 15:30:00,0.5688,0.1472,0.2235,0.0774,0.3321,0.0,0.7132,0.0,2.2586,657.0,2.04,3.219,-66.5
2000-07-17 15:54:00,0.5585,0.1041,0.2773,0.1106,0.3878,0.0,0.9104,0.0,2.1094,628.0,1.91,2.8879,-64.0
2000-07-17 16:06:00,0.1419,0.1663,0.246,0.1068,0.3878,0.0,0.9172,0.0,2.1486,613.0,1.91,2.3683,-64.0
2000-07-17 16:30:00,0.267,0.1747,0.2537,0.0725,0.3962,0.0,0.8042,0.0,2.1018,626.0,2.15,2.7604,-61.0
2000-07-17 16:54:00,0.3689,0.0912,0.132,0.0507,0.4215,0.0,0.6053,0.0,2.294,649.0,2.15,3.1768,-58.0
2000-07-17 17:06:00,0.1434,0.1415,0.1514,0.0782,0.3945,0.0,0.639,0.0,1.5677,649.0,2.25,3.1768,-58.0
2000-07-17 17:30:00,0.1106,0.119,0.1953,0.0835,0.4434,0.0,0.6525,0.0,1.7352,661.0,2.25,3.5341,-56.0
2000-07-17 17:54:00,0.0904,0.1328,0.1289,0.0729,0.3945,0.0,0.4485,0.0,1.2169,669.0,2.19,1.8146,-54.0
2000-07-17 18:06:00,0.0942,0.0751,0.1987,0.0736,0.4839,0.0,0.7031,0.0,1.5329,617.0,2.19,2.3256,-54.0
2000-07-17 18:30:00,0.1198,0.1495,0.1347,0.069,0.4518,0.0,0.6339,0.0,0.8306,601.0,2.38,2.6308,-51.0
2000-07-17 18:54:00,0.1427,0.1289,0.1644,0.0755,0.5378,0.0,0.6373,0.0,0.5873,647.0,2.38,2.2047,-48.0
2000-07-17 19:32:00,0.182,0.1297,0.1957,0.1839,0.4889,0.0,0.5732,0.0,0.4684,638.0,1.9,2.1063,-46.5
